Starting a Gradle Daemon, 1 busy and 1 incompatible Daemons could not be reused, use --status for details
> Task :service:compileJava UP-TO-DATE
> Task :service:processResources UP-TO-DATE
> Task :service:classes UP-TO-DATE
> Task :service:resolveMainClassName UP-TO-DATE

> Task :service:bootRun

  .   ____          _            __ _ _
 /\\ / ___'_ __ _ _(_)_ __  __ _ \ \ \ \
( ( )\___ | '_ | '_| | '_ \/ _` | \ \ \ \
 \\/  ___)| |_)| | | | | || (_| |  ) ) ) )
  '  |____| .__|_| |_|_| |_\__, | / / / /
 =========|_|==============|___/=/_/_/_/

 :: Spring Boot ::                (v4.0.3)

2026-03-11T23:46:03.004+11:00  INFO 56430 --- [notification-service] [           main] c.e.n.NotificationServiceApplication     : Starting NotificationServiceApplication using Java 21.0.8 with PID 56430 (/Users/gary/Documents/Repos/aws-design-docs/exchange-platform/services/internal/notification-service/service/build/classes/java/main started by gary in /Users/gary/Documents/Repos/aws-design-docs/exchange-platform/services/internal/notification-service/service)
2026-03-11T23:46:03.006+11:00  INFO 56430 --- [notification-service] [           main] c.e.n.NotificationServiceApplication     : No active profile set, falling back to 1 default profile: "default"
2026-03-11T23:46:03.422+11:00  INFO 56430 --- [notification-service] [           main] .s.d.r.c.RepositoryConfigurationDelegate : Bootstrapping Spring Data JPA repositories in DEFAULT mode.
2026-03-11T23:46:03.452+11:00  INFO 56430 --- [notification-service] [           main] .s.d.r.c.RepositoryConfigurationDelegate : Finished Spring Data repository scanning in 25 ms. Found 2 JPA repository interfaces.
2026-03-11T23:46:03.878+11:00  INFO 56430 --- [notification-service] [           main] o.s.boot.tomcat.TomcatWebServer          : Tomcat initialized with port 8080 (http)
2026-03-11T23:46:03.887+11:00  INFO 56430 --- [notification-service] [           main] o.apache.catalina.core.StandardService   : Starting service [Tomcat]
2026-03-11T23:46:03.887+11:00  INFO 56430 --- [notification-service] [           main] o.apache.catalina.core.StandardEngine    : Starting Servlet engine: [Apache Tomcat/11.0.18]
2026-03-11T23:46:03.915+11:00  INFO 56430 --- [notification-service] [           main] b.w.c.s.WebApplicationContextInitializer : Root WebApplicationContext: initialization completed in 883 ms
2026-03-11T23:46:04.232+11:00  INFO 56430 --- [notification-service] [           main] org.hibernate.orm.jpa                    : HHH008540: Processing PersistenceUnitInfo [name: default]
2026-03-11T23:46:04.262+11:00  INFO 56430 --- [notification-service] [           main] org.hibernate.orm.core                   : HHH000001: Hibernate ORM core version 7.2.4.Final
2026-03-11T23:46:04.528+11:00  INFO 56430 --- [notification-service] [           main] o.s.o.j.p.SpringPersistenceUnitInfo      : No LoadTimeWeaver setup: ignoring JPA class transformer
2026-03-11T23:46:04.550+11:00  INFO 56430 --- [notification-service] [           main] com.zaxxer.hikari.HikariDataSource       : HikariPool-1 - Starting...
2026-03-11T23:46:04.640+11:00  INFO 56430 --- [notification-service] [           main] com.zaxxer.hikari.pool.HikariPool        : HikariPool-1 - Added connection conn0: url=jdbc:h2:mem:notification_audit user=SA
2026-03-11T23:46:04.641+11:00  INFO 56430 --- [notification-service] [           main] com.zaxxer.hikari.HikariDataSource       : HikariPool-1 - Start completed.
2026-03-11T23:46:04.676+11:00  INFO 56430 --- [notification-service] [           main] org.hibernate.orm.connections.pooling    : HHH10001005: Database info:
	Database JDBC URL [jdbc:h2:mem:notification_audit]
	Database driver: H2 JDBC Driver
	Database dialect: H2Dialect
	Database version: 2.4.240
	Default catalog/schema: NOTIFICATION_AUDIT/PUBLIC
	Autocommit mode: undefined/unknown
	Isolation level: READ_COMMITTED [default READ_COMMITTED]
	JDBC fetch size: 100
	Pool: DataSourceConnectionProvider
	Minimum pool size: undefined/unknown
	Maximum pool size: undefined/unknown
2026-03-11T23:46:05.206+11:00  INFO 56430 --- [notification-service] [           main] org.hibernate.orm.core                   : HHH000489: No JTA platform available (set 'hibernate.transaction.jta.platform' to enable JTA platform integration)
2026-03-11T23:46:05.241+11:00  INFO 56430 --- [notification-service] [           main] j.LocalContainerEntityManagerFactoryBean : Initialized JPA EntityManagerFactory for persistence unit 'default'
2026-03-11T23:46:05.303+11:00  INFO 56430 --- [notification-service] [           main] o.s.d.j.r.query.QueryEnhancerFactories   : Hibernate is in classpath; If applicable, HQL parser will be used.
2026-03-11T23:46:05.455+11:00  WARN 56430 --- [notification-service] [           main] JpaBaseConfiguration$JpaWebConfiguration : spring.jpa.open-in-view is enabled by default. Therefore, database queries may be performed during view rendering. Explicitly configure spring.jpa.open-in-view to disable this warning
2026-03-11T23:46:05.741+11:00  INFO 56430 --- [notification-service] [           main] o.s.b.a.e.web.EndpointLinksResolver      : Exposing 2 endpoints beneath base path '/actuator'
2026-03-11T23:46:05.798+11:00  INFO 56430 --- [notification-service] [           main] o.s.boot.tomcat.TomcatWebServer          : Tomcat started on port 8080 (http) with context path '/'
2026-03-11T23:46:05.804+11:00  INFO 56430 --- [notification-service] [           main] c.e.n.NotificationServiceApplication     : Started NotificationServiceApplication in 3.038 seconds (process running for 3.239)
2026-03-11T23:46:13.646+11:00  INFO 56430 --- [notification-service] [nio-8080-exec-1] o.a.c.c.C.[Tomcat].[localhost].[/]       : Initializing Spring DispatcherServlet 'dispatcherServlet'
2026-03-11T23:46:13.646+11:00  INFO 56430 --- [notification-service] [nio-8080-exec-1] o.s.web.servlet.DispatcherServlet        : Initializing Servlet 'dispatcherServlet'
2026-03-11T23:46:13.647+11:00  INFO 56430 --- [notification-service] [nio-8080-exec-1] o.s.web.servlet.DispatcherServlet        : Completed initialization in 1 ms
2026-03-11T23:46:13.779+11:00 ERROR 56430 --- [notification-service] [nio-8080-exec-1] o.a.c.c.C.[.[.[/].[dispatcherServlet]    : Servlet.service() for servlet [dispatcherServlet] in context with path [] threw exception [Request processing failed: org.springframework.orm.jpa.JpaSystemException: Could not find a FormatMapper for the JSON format, which is required for mapping JSON types. JSON FormatMapper configuration is automatic, but requires that you have either Jackson or a JSONB implementation like Yasson on the class path.] with root cause

org.hibernate.HibernateException: Could not find a FormatMapper for the JSON format, which is required for mapping JSON types. JSON FormatMapper configuration is automatic, but requires that you have either Jackson or a JSONB implementation like Yasson on the class path.
	at org.hibernate.boot.internal.SessionFactoryOptionsBuilder.getJsonFormatMapper(SessionFactoryOptionsBuilder.java:1406) ~[hibernate-core-7.2.4.Final.jar:7.2.4.Final]
	at org.hibernate.type.spi.TypeConfiguration.getJsonFormatMapper(TypeConfiguration.java:969) ~[hibernate-core-7.2.4.Final.jar:7.2.4.Final]
	at org.hibernate.type.descriptor.java.spi.JsonJavaType.getFormatMapper(JsonJavaType.java:29) ~[hibernate-core-7.2.4.Final.jar:7.2.4.Final]
	at org.hibernate.type.descriptor.java.spi.FormatMapperBasedJavaType.toString(FormatMapperBasedJavaType.java:55) ~[hibernate-core-7.2.4.Final.jar:7.2.4.Final]
	at org.hibernate.type.descriptor.java.spi.FormatMapperBasedJavaType.deepCopy(FormatMapperBasedJavaType.java:107) ~[hibernate-core-7.2.4.Final.jar:7.2.4.Final]
	at org.hibernate.type.descriptor.java.JavaType.getReplacement(JavaType.java:140) ~[hibernate-core-7.2.4.Final.jar:7.2.4.Final]
	at org.hibernate.type.AbstractStandardBasicType.replace(AbstractStandardBasicType.java:308) ~[hibernate-core-7.2.4.Final.jar:7.2.4.Final]
	at org.hibernate.type.TypeHelper.replace(TypeHelper.java:152) ~[hibernate-core-7.2.4.Final.jar:7.2.4.Final]
	at org.hibernate.event.internal.DefaultMergeEventListener.entityIsTransient(DefaultMergeEventListener.java:292) ~[hibernate-core-7.2.4.Final.jar:7.2.4.Final]
	at org.hibernate.event.internal.DefaultMergeEventListener.entityIsDetached(DefaultMergeEventListener.java:440) ~[hibernate-core-7.2.4.Final.jar:7.2.4.Final]
	at org.hibernate.event.internal.DefaultMergeEventListener.merge(DefaultMergeEventListener.java:192) ~[hibernate-core-7.2.4.Final.jar:7.2.4.Final]
	at org.hibernate.event.internal.DefaultMergeEventListener.doMerge(DefaultMergeEventListener.java:136) ~[hibernate-core-7.2.4.Final.jar:7.2.4.Final]
	at org.hibernate.event.internal.DefaultMergeEventListener.onMerge(DefaultMergeEventListener.java:120) ~[hibernate-core-7.2.4.Final.jar:7.2.4.Final]
	at org.hibernate.event.internal.DefaultMergeEventListener.onMerge(DefaultMergeEventListener.java:77) ~[hibernate-core-7.2.4.Final.jar:7.2.4.Final]
	at org.hibernate.event.service.internal.EventListenerGroupImpl.fireEventOnEachListener(EventListenerGroupImpl.java:138) ~[hibernate-core-7.2.4.Final.jar:7.2.4.Final]
	at org.hibernate.internal.SessionImpl.fireMerge(SessionImpl.java:797) ~[hibernate-core-7.2.4.Final.jar:7.2.4.Final]
	at org.hibernate.internal.SessionImpl.merge(SessionImpl.java:782) ~[hibernate-core-7.2.4.Final.jar:7.2.4.Final]
	at java.base/jdk.internal.reflect.DirectMethodHandleAccessor.invoke(DirectMethodHandleAccessor.java:103) ~[na:na]
	at java.base/java.lang.reflect.Method.invoke(Method.java:580) ~[na:na]
	at org.springframework.orm.jpa.ExtendedEntityManagerCreator$ExtendedEntityManagerInvocationHandler.invoke(ExtendedEntityManagerCreator.java:362) ~[spring-orm-7.0.5.jar:7.0.5]
	at jdk.proxy2/jdk.proxy2.$Proxy142.merge(Unknown Source) ~[na:na]
	at java.base/jdk.internal.reflect.DirectMethodHandleAccessor.invoke(DirectMethodHandleAccessor.java:103) ~[na:na]
	at java.base/java.lang.reflect.Method.invoke(Method.java:580) ~[na:na]
	at org.springframework.orm.jpa.SharedEntityManagerCreator$SharedEntityHandlerInvocationHandler.invokeMethod(SharedEntityManagerCreator.java:240) ~[spring-orm-7.0.5.jar:7.0.5]
	at org.springframework.orm.jpa.SharedEntityManagerCreator$SharedEntityManagerInvocationHandler.invoke(SharedEntityManagerCreator.java:386) ~[spring-orm-7.0.5.jar:7.0.5]
	at jdk.proxy2/jdk.proxy2.$Proxy142.merge(Unknown Source) ~[na:na]
	at org.springframework.data.jpa.repository.support.SimpleJpaRepository.save(SimpleJpaRepository.java:667) ~[spring-data-jpa-4.0.3.jar:4.0.3]
	at java.base/jdk.internal.reflect.DirectMethodHandleAccessor.invoke(DirectMethodHandleAccessor.java:103) ~[na:na]
	at java.base/java.lang.reflect.Method.invoke(Method.java:580) ~[na:na]
	at org.springframework.aop.support.AopUtils.invokeJoinpointUsingReflection(AopUtils.java:359) ~[spring-aop-7.0.5.jar:7.0.5]
	at org.springframework.data.repository.core.support.RepositoryMethodInvoker$RepositoryFragmentMethodInvoker.lambda$new$0(RepositoryMethodInvoker.java:278) ~[spring-data-commons-4.0.3.jar:4.0.3]
	at org.springframework.data.repository.core.support.RepositoryMethodInvoker.doInvoke(RepositoryMethodInvoker.java:169) ~[spring-data-commons-4.0.3.jar:4.0.3]
	at org.springframework.data.repository.core.support.RepositoryMethodInvoker.invoke(RepositoryMethodInvoker.java:158) ~[spring-data-commons-4.0.3.jar:4.0.3]
	at org.springframework.data.repository.core.support.RepositoryComposition$RepositoryFragments.invoke(RepositoryComposition.java:545) ~[spring-data-commons-4.0.3.jar:4.0.3]
	at org.springframework.data.repository.core.support.RepositoryComposition.invoke(RepositoryComposition.java:290) ~[spring-data-commons-4.0.3.jar:4.0.3]
	at org.springframework.data.repository.core.support.RepositoryFactorySupport$ImplementationMethodExecutionInterceptor.invoke(RepositoryFactorySupport.java:690) ~[spring-data-commons-4.0.3.jar:4.0.3]
	at org.springframework.aop.framework.ReflectiveMethodInvocation.proceed(ReflectiveMethodInvocation.java:179) ~[spring-aop-7.0.5.jar:7.0.5]
	at org.springframework.data.repository.core.support.QueryExecutorMethodInterceptor.doInvoke(QueryExecutorMethodInterceptor.java:171) ~[spring-data-commons-4.0.3.jar:4.0.3]
	at org.springframework.data.repository.core.support.QueryExecutorMethodInterceptor.invoke(QueryExecutorMethodInterceptor.java:146) ~[spring-data-commons-4.0.3.jar:4.0.3]
	at org.springframework.aop.framework.ReflectiveMethodInvocation.proceed(ReflectiveMethodInvocation.java:179) ~[spring-aop-7.0.5.jar:7.0.5]
	at org.springframework.data.projection.DefaultMethodInvokingMethodInterceptor.invoke(DefaultMethodInvokingMethodInterceptor.java:69) ~[spring-data-commons-4.0.3.jar:4.0.3]
	at org.springframework.aop.framework.ReflectiveMethodInvocation.proceed(ReflectiveMethodInvocation.java:179) ~[spring-aop-7.0.5.jar:7.0.5]
	at org.springframework.transaction.interceptor.TransactionInterceptor$1.proceedWithInvocation(TransactionInterceptor.java:133) ~[spring-tx-7.0.5.jar:7.0.5]
	at org.springframework.transaction.interceptor.TransactionAspectSupport.invokeWithinTransaction(TransactionAspectSupport.java:371) ~[spring-tx-7.0.5.jar:7.0.5]
	at org.springframework.transaction.interceptor.TransactionInterceptor.invoke(TransactionInterceptor.java:130) ~[spring-tx-7.0.5.jar:7.0.5]
	at org.springframework.aop.framework.ReflectiveMethodInvocation.proceed(ReflectiveMethodInvocation.java:179) ~[spring-aop-7.0.5.jar:7.0.5]
	at org.springframework.dao.support.PersistenceExceptionTranslationInterceptor.invoke(PersistenceExceptionTranslationInterceptor.java:135) ~[spring-tx-7.0.5.jar:7.0.5]
	at org.springframework.aop.framework.ReflectiveMethodInvocation.proceed(ReflectiveMethodInvocation.java:179) ~[spring-aop-7.0.5.jar:7.0.5]
	at org.springframework.data.jpa.repository.support.CrudMethodMetadataPostProcessor$CrudMethodMetadataPopulatingMethodInterceptor.invoke(CrudMethodMetadataPostProcessor.java:166) ~[spring-data-jpa-4.0.3.jar:4.0.3]
	at org.springframework.aop.framework.ReflectiveMethodInvocation.proceed(ReflectiveMethodInvocation.java:179) ~[spring-aop-7.0.5.jar:7.0.5]
	at org.springframework.aop.framework.JdkDynamicAopProxy.invoke(JdkDynamicAopProxy.java:222) ~[spring-aop-7.0.5.jar:7.0.5]
	at jdk.proxy2/jdk.proxy2.$Proxy152.save(Unknown Source) ~[na:na]
	at com.example.notification.adapters.out.audit.PostgresUserNotificationAdapter.save(PostgresUserNotificationAdapter.java:22) ~[main/:na]
	at com.example.notification.domain.service.UserNotificationDomainService.createUserNotification(UserNotificationDomainService.java:25) ~[main/:na]
	at com.example.notification.adapters.in.web.UserNotificationController.createUserNotification(UserNotificationController.java:33) ~[main/:na]
	at java.base/jdk.internal.reflect.DirectMethodHandleAccessor.invoke(DirectMethodHandleAccessor.java:103) ~[na:na]
	at java.base/java.lang.reflect.Method.invoke(Method.java:580) ~[na:na]
	at org.springframework.web.method.support.InvocableHandlerMethod.doInvoke(InvocableHandlerMethod.java:252) ~[spring-web-7.0.5.jar:7.0.5]
	at org.springframework.web.method.support.InvocableHandlerMethod.invokeForRequest(InvocableHandlerMethod.java:184) ~[spring-web-7.0.5.jar:7.0.5]
	at org.springframework.web.servlet.mvc.method.annotation.ServletInvocableHandlerMethod.invokeAndHandle(ServletInvocableHandlerMethod.java:117) ~[spring-webmvc-7.0.5.jar:7.0.5]
	at org.springframework.web.servlet.mvc.method.annotation.RequestMappingHandlerAdapter.invokeHandlerMethod(RequestMappingHandlerAdapter.java:934) ~[spring-webmvc-7.0.5.jar:7.0.5]
	at org.springframework.web.servlet.mvc.method.annotation.RequestMappingHandlerAdapter.handleInternal(RequestMappingHandlerAdapter.java:853) ~[spring-webmvc-7.0.5.jar:7.0.5]
	at org.springframework.web.servlet.mvc.method.AbstractHandlerMethodAdapter.handle(AbstractHandlerMethodAdapter.java:86) ~[spring-webmvc-7.0.5.jar:7.0.5]
	at org.springframework.web.servlet.DispatcherServlet.doDispatch(DispatcherServlet.java:963) ~[spring-webmvc-7.0.5.jar:7.0.5]
	at org.springframework.web.servlet.DispatcherServlet.doService(DispatcherServlet.java:866) ~[spring-webmvc-7.0.5.jar:7.0.5]
	at org.springframework.web.servlet.FrameworkServlet.processRequest(FrameworkServlet.java:1000) ~[spring-webmvc-7.0.5.jar:7.0.5]
	at org.springframework.web.servlet.FrameworkServlet.doPost(FrameworkServlet.java:903) ~[spring-webmvc-7.0.5.jar:7.0.5]
	at jakarta.servlet.http.HttpServlet.service(HttpServlet.java:649) ~[tomcat-embed-core-11.0.18.jar:6.1]
	at org.springframework.web.servlet.FrameworkServlet.service(FrameworkServlet.java:874) ~[spring-webmvc-7.0.5.jar:7.0.5]
	at jakarta.servlet.http.HttpServlet.service(HttpServlet.java:710) ~[tomcat-embed-core-11.0.18.jar:6.1]
	at org.apache.catalina.core.ApplicationFilterChain.doFilter(ApplicationFilterChain.java:128) ~[tomcat-embed-core-11.0.18.jar:11.0.18]
	at org.apache.tomcat.websocket.server.WsFilter.doFilter(WsFilter.java:53) ~[tomcat-embed-websocket-11.0.18.jar:11.0.18]
	at org.apache.catalina.core.ApplicationFilterChain.doFilter(ApplicationFilterChain.java:107) ~[tomcat-embed-core-11.0.18.jar:11.0.18]
	at org.springframework.web.filter.RequestContextFilter.doFilterInternal(RequestContextFilter.java:100) ~[spring-web-7.0.5.jar:7.0.5]
	at org.springframework.web.filter.OncePerRequestFilter.doFilter(OncePerRequestFilter.java:116) ~[spring-web-7.0.5.jar:7.0.5]
	at org.apache.catalina.core.ApplicationFilterChain.doFilter(ApplicationFilterChain.java:107) ~[tomcat-embed-core-11.0.18.jar:11.0.18]
	at org.springframework.web.filter.FormContentFilter.doFilterInternal(FormContentFilter.java:93) ~[spring-web-7.0.5.jar:7.0.5]
	at org.springframework.web.filter.OncePerRequestFilter.doFilter(OncePerRequestFilter.java:116) ~[spring-web-7.0.5.jar:7.0.5]
	at org.apache.catalina.core.ApplicationFilterChain.doFilter(ApplicationFilterChain.java:107) ~[tomcat-embed-core-11.0.18.jar:11.0.18]
	at io.opentelemetry.instrumentation.spring.webmvc.v6_0.WebMvcTelemetryProducingFilter.doFilterInternal(WebMvcTelemetryProducingFilter.java:58) ~[opentelemetry-spring-webmvc-6.0-2.1.0-alpha.jar:2.1.0-alpha]
	at org.springframework.web.filter.OncePerRequestFilter.doFilter(OncePerRequestFilter.java:116) ~[spring-web-7.0.5.jar:7.0.5]
	at org.apache.catalina.core.ApplicationFilterChain.doFilter(ApplicationFilterChain.java:107) ~[tomcat-embed-core-11.0.18.jar:11.0.18]
	at org.springframework.web.filter.ServerHttpObservationFilter.doFilterInternal(ServerHttpObservationFilter.java:110) ~[spring-web-7.0.5.jar:7.0.5]
	at org.springframework.web.filter.OncePerRequestFilter.doFilter(OncePerRequestFilter.java:116) ~[spring-web-7.0.5.jar:7.0.5]
	at org.apache.catalina.core.ApplicationFilterChain.doFilter(ApplicationFilterChain.java:107) ~[tomcat-embed-core-11.0.18.jar:11.0.18]
	at org.springframework.web.filter.CharacterEncodingFilter.doFilterInternal(CharacterEncodingFilter.java:199) ~[spring-web-7.0.5.jar:7.0.5]
	at org.springframework.web.filter.OncePerRequestFilter.doFilter(OncePerRequestFilter.java:116) ~[spring-web-7.0.5.jar:7.0.5]
	at org.apache.catalina.core.ApplicationFilterChain.doFilter(ApplicationFilterChain.java:107) ~[tomcat-embed-core-11.0.18.jar:11.0.18]
	at org.apache.catalina.core.StandardWrapperValve.invoke(StandardWrapperValve.java:165) ~[tomcat-embed-core-11.0.18.jar:11.0.18]
	at org.apache.catalina.core.StandardContextValve.invoke(StandardContextValve.java:77) ~[tomcat-embed-core-11.0.18.jar:11.0.18]
	at org.apache.catalina.authenticator.AuthenticatorBase.invoke(AuthenticatorBase.java:492) ~[tomcat-embed-core-11.0.18.jar:11.0.18]
	at org.apache.catalina.core.StandardHostValve.invoke(StandardHostValve.java:113) ~[tomcat-embed-core-11.0.18.jar:11.0.18]
	at org.apache.catalina.valves.ErrorReportValve.invoke(ErrorReportValve.java:83) ~[tomcat-embed-core-11.0.18.jar:11.0.18]
	at org.apache.catalina.core.StandardEngineValve.invoke(StandardEngineValve.java:72) ~[tomcat-embed-core-11.0.18.jar:11.0.18]
	at org.apache.catalina.connector.CoyoteAdapter.service(CoyoteAdapter.java:341) ~[tomcat-embed-core-11.0.18.jar:11.0.18]
	at org.apache.coyote.http11.Http11Processor.service(Http11Processor.java:397) ~[tomcat-embed-core-11.0.18.jar:11.0.18]
	at org.apache.coyote.AbstractProcessorLight.process(AbstractProcessorLight.java:63) ~[tomcat-embed-core-11.0.18.jar:11.0.18]
	at org.apache.coyote.AbstractProtocol$ConnectionHandler.process(AbstractProtocol.java:903) ~[tomcat-embed-core-11.0.18.jar:11.0.18]
	at org.apache.tomcat.util.net.NioEndpoint$SocketProcessor.doRun(NioEndpoint.java:1779) ~[tomcat-embed-core-11.0.18.jar:11.0.18]
	at org.apache.tomcat.util.net.SocketProcessorBase.run(SocketProcessorBase.java:52) ~[tomcat-embed-core-11.0.18.jar:11.0.18]
	at org.apache.tomcat.util.threads.ThreadPoolExecutor.runWorker(ThreadPoolExecutor.java:946) ~[tomcat-embed-core-11.0.18.jar:11.0.18]
	at org.apache.tomcat.util.threads.ThreadPoolExecutor$Worker.run(ThreadPoolExecutor.java:480) ~[tomcat-embed-core-11.0.18.jar:11.0.18]
	at org.apache.tomcat.util.threads.TaskThread$WrappingRunnable.run(TaskThread.java:57) ~[tomcat-embed-core-11.0.18.jar:11.0.18]
	at java.base/java.lang.Thread.run(Thread.java:1583) ~[na:na]

2026-03-11T23:46:14.242+11:00 ERROR 56430 --- [notification-service] [alhost:4318/...] i.o.exporter.internal.http.HttpExporter  : Failed to export logs. The request could not be executed. Full error message: Failed to connect to localhost/[0:0:0:0:0:0:0:1]:4318

java.net.ConnectException: Failed to connect to localhost/[0:0:0:0:0:0:0:1]:4318
	at okhttp3.internal.connection.ConnectPlan.connectSocket(ConnectPlan.kt:275) ~[okhttp-jvm-5.2.1.jar:na]
	at okhttp3.internal.connection.ConnectPlan.connectTcp(ConnectPlan.kt:134) ~[okhttp-jvm-5.2.1.jar:na]
	at okhttp3.internal.connection.FastFallbackExchangeFinder$launchTcpConnect$1.runOnce(FastFallbackExchangeFinder.kt:141) ~[okhttp-jvm-5.2.1.jar:na]
	at okhttp3.internal.concurrent.TaskRunner$runnable$1.run(TaskRunner.kt:81) ~[okhttp-jvm-5.2.1.jar:na]
	at java.base/java.util.concurrent.ThreadPoolExecutor.runWorker(ThreadPoolExecutor.java:1144) ~[na:na]
	at java.base/java.util.concurrent.ThreadPoolExecutor$Worker.run(ThreadPoolExecutor.java:642) ~[na:na]
	at java.base/java.lang.Thread.run(Thread.java:1583) ~[na:na]
	Suppressed: java.net.ConnectException: Failed to connect to localhost/127.0.0.1:4318
		... 7 common frames omitted
	Caused by: java.net.ConnectException: Connection refused
		at java.base/sun.nio.ch.Net.pollConnect(Native Method)
		at java.base/sun.nio.ch.Net.pollConnectNow(Net.java:682)
		at java.base/sun.nio.ch.NioSocketImpl.timedFinishConnect(NioSocketImpl.java:549)
		at java.base/sun.nio.ch.NioSocketImpl.connect(NioSocketImpl.java:592)
		at java.base/java.net.SocksSocketImpl.connect(SocksSocketImpl.java:327)
		at java.base/java.net.Socket.connect(Socket.java:751)
		at okhttp3.internal.platform.Platform.connectSocket(Platform.kt:148)
		at okhttp3.internal.connection.ConnectPlan.connectSocket(ConnectPlan.kt:273)
		... 6 common frames omitted
Caused by: java.net.ConnectException: Connection refused
	at java.base/sun.nio.ch.Net.pollConnect(Native Method) ~[na:na]
	at java.base/sun.nio.ch.Net.pollConnectNow(Net.java:682) ~[na:na]
	at java.base/sun.nio.ch.NioSocketImpl.timedFinishConnect(NioSocketImpl.java:549) ~[na:na]
	at java.base/sun.nio.ch.NioSocketImpl.connect(NioSocketImpl.java:592) ~[na:na]
	at java.base/java.net.SocksSocketImpl.connect(SocksSocketImpl.java:327) ~[na:na]
	at java.base/java.net.Socket.connect(Socket.java:751) ~[na:na]
	at okhttp3.internal.platform.Platform.connectSocket(Platform.kt:148) ~[okhttp-jvm-5.2.1.jar:na]
	at okhttp3.internal.connection.ConnectPlan.connectSocket(ConnectPlan.kt:273) ~[okhttp-jvm-5.2.1.jar:na]
	... 6 common frames omitted

2026-03-11T23:46:22.238+11:00 ERROR 56430 --- [notification-service] [alhost:4318/...] i.o.exporter.internal.http.HttpExporter  : Failed to export logs. The request could not be executed. Full error message: Failed to connect to localhost/[0:0:0:0:0:0:0:1]:4318

java.net.ConnectException: Failed to connect to localhost/[0:0:0:0:0:0:0:1]:4318
	at okhttp3.internal.connection.ConnectPlan.connectSocket(ConnectPlan.kt:275) ~[okhttp-jvm-5.2.1.jar:na]
	at okhttp3.internal.connection.ConnectPlan.connectTcp(ConnectPlan.kt:134) ~[okhttp-jvm-5.2.1.jar:na]
	at okhttp3.internal.connection.FastFallbackExchangeFinder$launchTcpConnect$1.runOnce(FastFallbackExchangeFinder.kt:141) ~[okhttp-jvm-5.2.1.jar:na]
	at okhttp3.internal.concurrent.TaskRunner$runnable$1.run(TaskRunner.kt:81) ~[okhttp-jvm-5.2.1.jar:na]
	at java.base/java.util.concurrent.ThreadPoolExecutor.runWorker(ThreadPoolExecutor.java:1144) ~[na:na]
	at java.base/java.util.concurrent.ThreadPoolExecutor$Worker.run(ThreadPoolExecutor.java:642) ~[na:na]
	at java.base/java.lang.Thread.run(Thread.java:1583) ~[na:na]
	Suppressed: java.net.ConnectException: Failed to connect to localhost/127.0.0.1:4318
		... 7 common frames omitted
	Caused by: java.net.ConnectException: Connection refused
		at java.base/sun.nio.ch.Net.pollConnect(Native Method)
		at java.base/sun.nio.ch.Net.pollConnectNow(Net.java:682)
		at java.base/sun.nio.ch.NioSocketImpl.timedFinishConnect(NioSocketImpl.java:542)
		at java.base/sun.nio.ch.NioSocketImpl.connect(NioSocketImpl.java:592)
		at java.base/java.net.SocksSocketImpl.connect(SocksSocketImpl.java:327)
		at java.base/java.net.Socket.connect(Socket.java:751)
		at okhttp3.internal.platform.Platform.connectSocket(Platform.kt:148)
		at okhttp3.internal.connection.ConnectPlan.connectSocket(ConnectPlan.kt:273)
		... 6 common frames omitted
Caused by: java.net.ConnectException: Connection refused
	at java.base/sun.nio.ch.Net.pollConnect(Native Method) ~[na:na]
	at java.base/sun.nio.ch.Net.pollConnectNow(Net.java:682) ~[na:na]
	at java.base/sun.nio.ch.NioSocketImpl.timedFinishConnect(NioSocketImpl.java:549) ~[na:na]
	at java.base/sun.nio.ch.NioSocketImpl.connect(NioSocketImpl.java:592) ~[na:na]
	at java.base/java.net.SocksSocketImpl.connect(SocksSocketImpl.java:327) ~[na:na]
	at java.base/java.net.Socket.connect(Socket.java:751) ~[na:na]
	at okhttp3.internal.platform.Platform.connectSocket(Platform.kt:148) ~[okhttp-jvm-5.2.1.jar:na]
	at okhttp3.internal.connection.ConnectPlan.connectSocket(ConnectPlan.kt:273) ~[okhttp-jvm-5.2.1.jar:na]
	... 6 common frames omitted

2026-03-11T23:46:22.418+11:00 ERROR 56430 --- [notification-service] [alhost:4318/...] i.o.exporter.internal.http.HttpExporter  : Failed to export spans. The request could not be executed. Full error message: Failed to connect to localhost/[0:0:0:0:0:0:0:1]:4318

java.net.ConnectException: Failed to connect to localhost/[0:0:0:0:0:0:0:1]:4318
	at okhttp3.internal.connection.ConnectPlan.connectSocket(ConnectPlan.kt:275) ~[okhttp-jvm-5.2.1.jar:na]
	at okhttp3.internal.connection.ConnectPlan.connectTcp(ConnectPlan.kt:134) ~[okhttp-jvm-5.2.1.jar:na]
	at okhttp3.internal.connection.FastFallbackExchangeFinder$launchTcpConnect$1.runOnce(FastFallbackExchangeFinder.kt:141) ~[okhttp-jvm-5.2.1.jar:na]
	at okhttp3.internal.concurrent.TaskRunner$runnable$1.run(TaskRunner.kt:81) ~[okhttp-jvm-5.2.1.jar:na]
	at java.base/java.util.concurrent.ThreadPoolExecutor.runWorker(ThreadPoolExecutor.java:1144) ~[na:na]
	at java.base/java.util.concurrent.ThreadPoolExecutor$Worker.run(ThreadPoolExecutor.java:642) ~[na:na]
	at java.base/java.lang.Thread.run(Thread.java:1583) ~[na:na]
	Suppressed: java.net.ConnectException: Failed to connect to localhost/127.0.0.1:4318
		... 7 common frames omitted
	Caused by: java.net.ConnectException: Connection refused
		at java.base/sun.nio.ch.Net.pollConnect(Native Method)
		at java.base/sun.nio.ch.Net.pollConnectNow(Net.java:682)
		at java.base/sun.nio.ch.NioSocketImpl.timedFinishConnect(NioSocketImpl.java:549)
		at java.base/sun.nio.ch.NioSocketImpl.connect(NioSocketImpl.java:592)
		at java.base/java.net.SocksSocketImpl.connect(SocksSocketImpl.java:327)
		at java.base/java.net.Socket.connect(Socket.java:751)
		at okhttp3.internal.platform.Platform.connectSocket(Platform.kt:148)
		at okhttp3.internal.connection.ConnectPlan.connectSocket(ConnectPlan.kt:273)
		... 6 common frames omitted
Caused by: java.net.ConnectException: Connection refused
	at java.base/sun.nio.ch.Net.pollConnect(Native Method) ~[na:na]
	at java.base/sun.nio.ch.Net.pollConnectNow(Net.java:682) ~[na:na]
	at java.base/sun.nio.ch.NioSocketImpl.timedFinishConnect(NioSocketImpl.java:549) ~[na:na]
	at java.base/sun.nio.ch.NioSocketImpl.connect(NioSocketImpl.java:592) ~[na:na]
	at java.base/java.net.SocksSocketImpl.connect(SocksSocketImpl.java:327) ~[na:na]
	at java.base/java.net.Socket.connect(Socket.java:751) ~[na:na]
	at okhttp3.internal.platform.Platform.connectSocket(Platform.kt:148) ~[okhttp-jvm-5.2.1.jar:na]
	at okhttp3.internal.connection.ConnectPlan.connectSocket(ConnectPlan.kt:273) ~[okhttp-jvm-5.2.1.jar:na]
	... 6 common frames omitted

2026-03-11T23:46:31.542+11:00 ERROR 56430 --- [notification-service] [alhost:4318/...] i.o.exporter.internal.http.HttpExporter  : Failed to export logs. The request could not be executed. Full error message: Failed to connect to localhost/[0:0:0:0:0:0:0:1]:4318

java.net.ConnectException: Failed to connect to localhost/[0:0:0:0:0:0:0:1]:4318
	at okhttp3.internal.connection.ConnectPlan.connectSocket(ConnectPlan.kt:275) ~[okhttp-jvm-5.2.1.jar:na]
	at okhttp3.internal.connection.ConnectPlan.connectTcp(ConnectPlan.kt:134) ~[okhttp-jvm-5.2.1.jar:na]
	at okhttp3.internal.connection.FastFallbackExchangeFinder$launchTcpConnect$1.runOnce(FastFallbackExchangeFinder.kt:141) ~[okhttp-jvm-5.2.1.jar:na]
	at okhttp3.internal.concurrent.TaskRunner$runnable$1.run(TaskRunner.kt:81) ~[okhttp-jvm-5.2.1.jar:na]
	at java.base/java.util.concurrent.ThreadPoolExecutor.runWorker(ThreadPoolExecutor.java:1144) ~[na:na]
	at java.base/java.util.concurrent.ThreadPoolExecutor$Worker.run(ThreadPoolExecutor.java:642) ~[na:na]
	at java.base/java.lang.Thread.run(Thread.java:1583) ~[na:na]
	Suppressed: java.net.ConnectException: Failed to connect to localhost/127.0.0.1:4318
		... 7 common frames omitted
	Caused by: java.net.ConnectException: Connection refused
		at java.base/sun.nio.ch.Net.pollConnect(Native Method)
		at java.base/sun.nio.ch.Net.pollConnectNow(Net.java:682)
		at java.base/sun.nio.ch.NioSocketImpl.timedFinishConnect(NioSocketImpl.java:549)
		at java.base/sun.nio.ch.NioSocketImpl.connect(NioSocketImpl.java:592)
		at java.base/java.net.SocksSocketImpl.connect(SocksSocketImpl.java:327)
		at java.base/java.net.Socket.connect(Socket.java:751)
		at okhttp3.internal.platform.Platform.connectSocket(Platform.kt:148)
		at okhttp3.internal.connection.ConnectPlan.connectSocket(ConnectPlan.kt:273)
		... 6 common frames omitted
Caused by: java.net.ConnectException: Connection refused
	at java.base/sun.nio.ch.Net.pollConnect(Native Method) ~[na:na]
	at java.base/sun.nio.ch.Net.pollConnectNow(Net.java:682) ~[na:na]
	at java.base/sun.nio.ch.NioSocketImpl.timedFinishConnect(NioSocketImpl.java:549) ~[na:na]
	at java.base/sun.nio.ch.NioSocketImpl.connect(NioSocketImpl.java:592) ~[na:na]
	at java.base/java.net.SocksSocketImpl.connect(SocksSocketImpl.java:327) ~[na:na]
	at java.base/java.net.Socket.connect(Socket.java:751) ~[na:na]
	at okhttp3.internal.platform.Platform.connectSocket(Platform.kt:148) ~[okhttp-jvm-5.2.1.jar:na]
	at okhttp3.internal.connection.ConnectPlan.connectSocket(ConnectPlan.kt:273) ~[okhttp-jvm-5.2.1.jar:na]
	... 6 common frames omitted

2026-03-11T23:46:41.249+11:00 ERROR 56430 --- [notification-service] [alhost:4318/...] i.o.exporter.internal.http.HttpExporter  : Failed to export logs. The request could not be executed. Full error message: Failed to connect to localhost/[0:0:0:0:0:0:0:1]:4318

java.net.ConnectException: Failed to connect to localhost/[0:0:0:0:0:0:0:1]:4318
	at okhttp3.internal.connection.ConnectPlan.connectSocket(ConnectPlan.kt:275) ~[okhttp-jvm-5.2.1.jar:na]
	at okhttp3.internal.connection.ConnectPlan.connectTcp(ConnectPlan.kt:134) ~[okhttp-jvm-5.2.1.jar:na]
	at okhttp3.internal.connection.FastFallbackExchangeFinder$launchTcpConnect$1.runOnce(FastFallbackExchangeFinder.kt:141) ~[okhttp-jvm-5.2.1.jar:na]
	at okhttp3.internal.concurrent.TaskRunner$runnable$1.run(TaskRunner.kt:81) ~[okhttp-jvm-5.2.1.jar:na]
	at java.base/java.util.concurrent.ThreadPoolExecutor.runWorker(ThreadPoolExecutor.java:1144) ~[na:na]
	at java.base/java.util.concurrent.ThreadPoolExecutor$Worker.run(ThreadPoolExecutor.java:642) ~[na:na]
	at java.base/java.lang.Thread.run(Thread.java:1583) ~[na:na]
	Suppressed: java.net.ConnectException: Failed to connect to localhost/127.0.0.1:4318
		... 7 common frames omitted
	Caused by: java.net.ConnectException: Connection refused
		at java.base/sun.nio.ch.Net.pollConnect(Native Method)
		at java.base/sun.nio.ch.Net.pollConnectNow(Net.java:682)
		at java.base/sun.nio.ch.NioSocketImpl.timedFinishConnect(NioSocketImpl.java:549)
		at java.base/sun.nio.ch.NioSocketImpl.connect(NioSocketImpl.java:592)
		at java.base/java.net.SocksSocketImpl.connect(SocksSocketImpl.java:327)
		at java.base/java.net.Socket.connect(Socket.java:751)
		at okhttp3.internal.platform.Platform.connectSocket(Platform.kt:148)
		at okhttp3.internal.connection.ConnectPlan.connectSocket(ConnectPlan.kt:273)
		... 6 common frames omitted
Caused by: java.net.ConnectException: Connection refused
	at java.base/sun.nio.ch.Net.pollConnect(Native Method) ~[na:na]
	at java.base/sun.nio.ch.Net.pollConnectNow(Net.java:682) ~[na:na]
	at java.base/sun.nio.ch.NioSocketImpl.timedFinishConnect(NioSocketImpl.java:549) ~[na:na]
	at java.base/sun.nio.ch.NioSocketImpl.connect(NioSocketImpl.java:592) ~[na:na]
	at java.base/java.net.SocksSocketImpl.connect(SocksSocketImpl.java:327) ~[na:na]
	at java.base/java.net.Socket.connect(Socket.java:751) ~[na:na]
	at okhttp3.internal.platform.Platform.connectSocket(Platform.kt:148) ~[okhttp-jvm-5.2.1.jar:na]
	at okhttp3.internal.connection.ConnectPlan.connectSocket(ConnectPlan.kt:273) ~[okhttp-jvm-5.2.1.jar:na]
	... 6 common frames omitted

2026-03-11T23:46:51.216+11:00 ERROR 56430 --- [notification-service] [alhost:4318/...] i.o.exporter.internal.http.HttpExporter  : Failed to export logs. The request could not be executed. Full error message: Failed to connect to localhost/[0:0:0:0:0:0:0:1]:4318

java.net.ConnectException: Failed to connect to localhost/[0:0:0:0:0:0:0:1]:4318
	at okhttp3.internal.connection.ConnectPlan.connectSocket(ConnectPlan.kt:275) ~[okhttp-jvm-5.2.1.jar:na]
	at okhttp3.internal.connection.ConnectPlan.connectTcp(ConnectPlan.kt:134) ~[okhttp-jvm-5.2.1.jar:na]
	at okhttp3.internal.connection.FastFallbackExchangeFinder$launchTcpConnect$1.runOnce(FastFallbackExchangeFinder.kt:141) ~[okhttp-jvm-5.2.1.jar:na]
	at okhttp3.internal.concurrent.TaskRunner$runnable$1.run(TaskRunner.kt:81) ~[okhttp-jvm-5.2.1.jar:na]
	at java.base/java.util.concurrent.ThreadPoolExecutor.runWorker(ThreadPoolExecutor.java:1144) ~[na:na]
	at java.base/java.util.concurrent.ThreadPoolExecutor$Worker.run(ThreadPoolExecutor.java:642) ~[na:na]
	at java.base/java.lang.Thread.run(Thread.java:1583) ~[na:na]
	Suppressed: java.net.ConnectException: Failed to connect to localhost/127.0.0.1:4318
		... 7 common frames omitted
	Caused by: java.net.ConnectException: Connection refused
		at java.base/sun.nio.ch.Net.pollConnect(Native Method)
		at java.base/sun.nio.ch.Net.pollConnectNow(Net.java:682)
		at java.base/sun.nio.ch.NioSocketImpl.timedFinishConnect(NioSocketImpl.java:549)
		at java.base/sun.nio.ch.NioSocketImpl.connect(NioSocketImpl.java:592)
		at java.base/java.net.SocksSocketImpl.connect(SocksSocketImpl.java:327)
		at java.base/java.net.Socket.connect(Socket.java:751)
		at okhttp3.internal.platform.Platform.connectSocket(Platform.kt:148)
		at okhttp3.internal.connection.ConnectPlan.connectSocket(ConnectPlan.kt:273)
		... 6 common frames omitted
Caused by: java.net.ConnectException: Connection refused
	at java.base/sun.nio.ch.Net.pollConnect(Native Method) ~[na:na]
	at java.base/sun.nio.ch.Net.pollConnectNow(Net.java:682) ~[na:na]
	at java.base/sun.nio.ch.NioSocketImpl.timedFinishConnect(NioSocketImpl.java:549) ~[na:na]
	at java.base/sun.nio.ch.NioSocketImpl.connect(NioSocketImpl.java:592) ~[na:na]
	at java.base/java.net.SocksSocketImpl.connect(SocksSocketImpl.java:327) ~[na:na]
	at java.base/java.net.Socket.connect(Socket.java:751) ~[na:na]
	at okhttp3.internal.platform.Platform.connectSocket(Platform.kt:148) ~[okhttp-jvm-5.2.1.jar:na]
	at okhttp3.internal.connection.ConnectPlan.connectSocket(ConnectPlan.kt:273) ~[okhttp-jvm-5.2.1.jar:na]
	... 6 common frames omitted

2026-03-11T23:47:00.304+11:00 ERROR 56430 --- [notification-service] [alhost:4318/...] i.o.exporter.internal.http.HttpExporter  : Failed to export logs. The request could not be executed. Full error message: Failed to connect to localhost/[0:0:0:0:0:0:0:1]:4318

java.net.ConnectException: Failed to connect to localhost/[0:0:0:0:0:0:0:1]:4318
	at okhttp3.internal.connection.ConnectPlan.connectSocket(ConnectPlan.kt:275) ~[okhttp-jvm-5.2.1.jar:na]
	at okhttp3.internal.connection.ConnectPlan.connectTcp(ConnectPlan.kt:134) ~[okhttp-jvm-5.2.1.jar:na]
	at okhttp3.internal.connection.FastFallbackExchangeFinder$launchTcpConnect$1.runOnce(FastFallbackExchangeFinder.kt:141) ~[okhttp-jvm-5.2.1.jar:na]
	at okhttp3.internal.concurrent.TaskRunner$runnable$1.run(TaskRunner.kt:81) ~[okhttp-jvm-5.2.1.jar:na]
	at java.base/java.util.concurrent.ThreadPoolExecutor.runWorker(ThreadPoolExecutor.java:1144) ~[na:na]
	at java.base/java.util.concurrent.ThreadPoolExecutor$Worker.run(ThreadPoolExecutor.java:642) ~[na:na]
	at java.base/java.lang.Thread.run(Thread.java:1583) ~[na:na]
	Suppressed: java.net.ConnectException: Failed to connect to localhost/127.0.0.1:4318
		... 7 common frames omitted
	Caused by: java.net.ConnectException: Connection refused
		at java.base/sun.nio.ch.Net.pollConnect(Native Method)
		at java.base/sun.nio.ch.Net.pollConnectNow(Net.java:682)
		at java.base/sun.nio.ch.NioSocketImpl.timedFinishConnect(NioSocketImpl.java:549)
		at java.base/sun.nio.ch.NioSocketImpl.connect(NioSocketImpl.java:592)
		at java.base/java.net.SocksSocketImpl.connect(SocksSocketImpl.java:327)
		at java.base/java.net.Socket.connect(Socket.java:751)
		at okhttp3.internal.platform.Platform.connectSocket(Platform.kt:148)
		at okhttp3.internal.connection.ConnectPlan.connectSocket(ConnectPlan.kt:273)
		... 6 common frames omitted
Caused by: java.net.ConnectException: Connection refused
	at java.base/sun.nio.ch.Net.pollConnect(Native Method) ~[na:na]
	at java.base/sun.nio.ch.Net.pollConnectNow(Net.java:682) ~[na:na]
	at java.base/sun.nio.ch.NioSocketImpl.timedFinishConnect(NioSocketImpl.java:549) ~[na:na]
	at java.base/sun.nio.ch.NioSocketImpl.connect(NioSocketImpl.java:592) ~[na:na]
	at java.base/java.net.SocksSocketImpl.connect(SocksSocketImpl.java:327) ~[na:na]
	at java.base/java.net.Socket.connect(Socket.java:751) ~[na:na]
	at okhttp3.internal.platform.Platform.connectSocket(Platform.kt:148) ~[okhttp-jvm-5.2.1.jar:na]
	at okhttp3.internal.connection.ConnectPlan.connectSocket(ConnectPlan.kt:273) ~[okhttp-jvm-5.2.1.jar:na]
	... 6 common frames omitted

2026-03-11T23:47:09.636+11:00 ERROR 56430 --- [notification-service] [alhost:4318/...] i.o.exporter.internal.http.HttpExporter  : Failed to export logs. The request could not be executed. Full error message: Failed to connect to localhost/[0:0:0:0:0:0:0:1]:4318

java.net.ConnectException: Failed to connect to localhost/[0:0:0:0:0:0:0:1]:4318
	at okhttp3.internal.connection.ConnectPlan.connectSocket(ConnectPlan.kt:275) ~[okhttp-jvm-5.2.1.jar:na]
	at okhttp3.internal.connection.ConnectPlan.connectTcp(ConnectPlan.kt:134) ~[okhttp-jvm-5.2.1.jar:na]
	at okhttp3.internal.connection.FastFallbackExchangeFinder$launchTcpConnect$1.runOnce(FastFallbackExchangeFinder.kt:141) ~[okhttp-jvm-5.2.1.jar:na]
	at okhttp3.internal.concurrent.TaskRunner$runnable$1.run(TaskRunner.kt:81) ~[okhttp-jvm-5.2.1.jar:na]
	at java.base/java.util.concurrent.ThreadPoolExecutor.runWorker(ThreadPoolExecutor.java:1144) ~[na:na]
	at java.base/java.util.concurrent.ThreadPoolExecutor$Worker.run(ThreadPoolExecutor.java:642) ~[na:na]
	at java.base/java.lang.Thread.run(Thread.java:1583) ~[na:na]
	Suppressed: java.net.ConnectException: Failed to connect to localhost/127.0.0.1:4318
		... 7 common frames omitted
	Caused by: java.net.ConnectException: Connection refused
		at java.base/sun.nio.ch.Net.pollConnect(Native Method)
		at java.base/sun.nio.ch.Net.pollConnectNow(Net.java:682)
		at java.base/sun.nio.ch.NioSocketImpl.timedFinishConnect(NioSocketImpl.java:549)
		at java.base/sun.nio.ch.NioSocketImpl.connect(NioSocketImpl.java:592)
		at java.base/java.net.SocksSocketImpl.connect(SocksSocketImpl.java:327)
		at java.base/java.net.Socket.connect(Socket.java:751)
		at okhttp3.internal.platform.Platform.connectSocket(Platform.kt:148)
		at okhttp3.internal.connection.ConnectPlan.connectSocket(ConnectPlan.kt:273)
		... 6 common frames omitted
Caused by: java.net.ConnectException: Connection refused
	at java.base/sun.nio.ch.Net.pollConnect(Native Method) ~[na:na]
	at java.base/sun.nio.ch.Net.pollConnectNow(Net.java:682) ~[na:na]
	at java.base/sun.nio.ch.NioSocketImpl.timedFinishConnect(NioSocketImpl.java:549) ~[na:na]
	at java.base/sun.nio.ch.NioSocketImpl.connect(NioSocketImpl.java:592) ~[na:na]
	at java.base/java.net.SocksSocketImpl.connect(SocksSocketImpl.java:327) ~[na:na]
	at java.base/java.net.Socket.connect(Socket.java:751) ~[na:na]
	at okhttp3.internal.platform.Platform.connectSocket(Platform.kt:148) ~[okhttp-jvm-5.2.1.jar:na]
	at okhttp3.internal.connection.ConnectPlan.connectSocket(ConnectPlan.kt:273) ~[okhttp-jvm-5.2.1.jar:na]
	... 6 common frames omitted

2026-03-11T23:47:12.072+11:00 ERROR 56430 --- [notification-service] [alhost:4318/...] i.o.exporter.internal.http.HttpExporter  : Failed to export metrics. The request could not be executed. Full error message: Failed to connect to localhost/[0:0:0:0:0:0:0:1]:4318

java.net.ConnectException: Failed to connect to localhost/[0:0:0:0:0:0:0:1]:4318
	at okhttp3.internal.connection.ConnectPlan.connectSocket(ConnectPlan.kt:275) ~[okhttp-jvm-5.2.1.jar:na]
	at okhttp3.internal.connection.ConnectPlan.connectTcp(ConnectPlan.kt:134) ~[okhttp-jvm-5.2.1.jar:na]
	at okhttp3.internal.connection.FastFallbackExchangeFinder$launchTcpConnect$1.runOnce(FastFallbackExchangeFinder.kt:141) ~[okhttp-jvm-5.2.1.jar:na]
	at okhttp3.internal.concurrent.TaskRunner$runnable$1.run(TaskRunner.kt:81) ~[okhttp-jvm-5.2.1.jar:na]
	at java.base/java.util.concurrent.ThreadPoolExecutor.runWorker(ThreadPoolExecutor.java:1144) ~[na:na]
	at java.base/java.util.concurrent.ThreadPoolExecutor$Worker.run(ThreadPoolExecutor.java:642) ~[na:na]
	at java.base/java.lang.Thread.run(Thread.java:1583) ~[na:na]
	Suppressed: java.net.ConnectException: Failed to connect to localhost/127.0.0.1:4318
		... 7 common frames omitted
	Caused by: java.net.ConnectException: Connection refused
		at java.base/sun.nio.ch.Net.pollConnect(Native Method)
		at java.base/sun.nio.ch.Net.pollConnectNow(Net.java:682)
		at java.base/sun.nio.ch.NioSocketImpl.timedFinishConnect(NioSocketImpl.java:549)
		at java.base/sun.nio.ch.NioSocketImpl.connect(NioSocketImpl.java:592)
		at java.base/java.net.SocksSocketImpl.connect(SocksSocketImpl.java:327)
		at java.base/java.net.Socket.connect(Socket.java:751)
		at okhttp3.internal.platform.Platform.connectSocket(Platform.kt:148)
		at okhttp3.internal.connection.ConnectPlan.connectSocket(ConnectPlan.kt:273)
		... 6 common frames omitted
Caused by: java.net.ConnectException: Connection refused
	at java.base/sun.nio.ch.Net.pollConnect(Native Method) ~[na:na]
	at java.base/sun.nio.ch.Net.pollConnectNow(Net.java:682) ~[na:na]
	at java.base/sun.nio.ch.NioSocketImpl.timedFinishConnect(NioSocketImpl.java:542) ~[na:na]
	at java.base/sun.nio.ch.NioSocketImpl.connect(NioSocketImpl.java:592) ~[na:na]
	at java.base/java.net.SocksSocketImpl.connect(SocksSocketImpl.java:327) ~[na:na]
	at java.base/java.net.Socket.connect(Socket.java:751) ~[na:na]
	at okhttp3.internal.platform.Platform.connectSocket(Platform.kt:148) ~[okhttp-jvm-5.2.1.jar:na]
	at okhttp3.internal.connection.ConnectPlan.connectSocket(ConnectPlan.kt:273) ~[okhttp-jvm-5.2.1.jar:na]
	... 6 common frames omitted

2026-03-11T23:47:19.650+11:00 ERROR 56430 --- [notification-service] [alhost:4318/...] i.o.exporter.internal.http.HttpExporter  : Failed to export logs. The request could not be executed. Full error message: Failed to connect to localhost/[0:0:0:0:0:0:0:1]:4318

java.net.ConnectException: Failed to connect to localhost/[0:0:0:0:0:0:0:1]:4318
	at okhttp3.internal.connection.ConnectPlan.connectSocket(ConnectPlan.kt:275) ~[okhttp-jvm-5.2.1.jar:na]
	at okhttp3.internal.connection.ConnectPlan.connectTcp(ConnectPlan.kt:134) ~[okhttp-jvm-5.2.1.jar:na]
	at okhttp3.internal.connection.FastFallbackExchangeFinder$launchTcpConnect$1.runOnce(FastFallbackExchangeFinder.kt:141) ~[okhttp-jvm-5.2.1.jar:na]
	at okhttp3.internal.concurrent.TaskRunner$runnable$1.run(TaskRunner.kt:81) ~[okhttp-jvm-5.2.1.jar:na]
	at java.base/java.util.concurrent.ThreadPoolExecutor.runWorker(ThreadPoolExecutor.java:1144) ~[na:na]
	at java.base/java.util.concurrent.ThreadPoolExecutor$Worker.run(ThreadPoolExecutor.java:642) ~[na:na]
	at java.base/java.lang.Thread.run(Thread.java:1583) ~[na:na]
	Suppressed: java.net.ConnectException: Failed to connect to localhost/127.0.0.1:4318
		... 7 common frames omitted
	Caused by: java.net.ConnectException: Connection refused
		at java.base/sun.nio.ch.Net.pollConnect(Native Method)
		at java.base/sun.nio.ch.Net.pollConnectNow(Net.java:682)
		at java.base/sun.nio.ch.NioSocketImpl.timedFinishConnect(NioSocketImpl.java:549)
		at java.base/sun.nio.ch.NioSocketImpl.connect(NioSocketImpl.java:592)
		at java.base/java.net.SocksSocketImpl.connect(SocksSocketImpl.java:327)
		at java.base/java.net.Socket.connect(Socket.java:751)
		at okhttp3.internal.platform.Platform.connectSocket(Platform.kt:148)
		at okhttp3.internal.connection.ConnectPlan.connectSocket(ConnectPlan.kt:273)
		... 6 common frames omitted
Caused by: java.net.ConnectException: Connection refused
	at java.base/sun.nio.ch.Net.pollConnect(Native Method) ~[na:na]
	at java.base/sun.nio.ch.Net.pollConnectNow(Net.java:682) ~[na:na]
	at java.base/sun.nio.ch.NioSocketImpl.timedFinishConnect(NioSocketImpl.java:549) ~[na:na]
	at java.base/sun.nio.ch.NioSocketImpl.connect(NioSocketImpl.java:592) ~[na:na]
	at java.base/java.net.SocksSocketImpl.connect(SocksSocketImpl.java:327) ~[na:na]
	at java.base/java.net.Socket.connect(Socket.java:751) ~[na:na]
	at okhttp3.internal.platform.Platform.connectSocket(Platform.kt:148) ~[okhttp-jvm-5.2.1.jar:na]
	at okhttp3.internal.connection.ConnectPlan.connectSocket(ConnectPlan.kt:273) ~[okhttp-jvm-5.2.1.jar:na]
	... 6 common frames omitted

2026-03-11T23:47:28.440+11:00 ERROR 56430 --- [notification-service] [alhost:4318/...] i.o.exporter.internal.http.HttpExporter  : Failed to export logs. The request could not be executed. Full error message: Failed to connect to localhost/[0:0:0:0:0:0:0:1]:4318

java.net.ConnectException: Failed to connect to localhost/[0:0:0:0:0:0:0:1]:4318
	at okhttp3.internal.connection.ConnectPlan.connectSocket(ConnectPlan.kt:275) ~[okhttp-jvm-5.2.1.jar:na]
	at okhttp3.internal.connection.ConnectPlan.connectTcp(ConnectPlan.kt:134) ~[okhttp-jvm-5.2.1.jar:na]
	at okhttp3.internal.connection.FastFallbackExchangeFinder$launchTcpConnect$1.runOnce(FastFallbackExchangeFinder.kt:141) ~[okhttp-jvm-5.2.1.jar:na]
	at okhttp3.internal.concurrent.TaskRunner$runnable$1.run(TaskRunner.kt:81) ~[okhttp-jvm-5.2.1.jar:na]
	at java.base/java.util.concurrent.ThreadPoolExecutor.runWorker(ThreadPoolExecutor.java:1144) ~[na:na]
	at java.base/java.util.concurrent.ThreadPoolExecutor$Worker.run(ThreadPoolExecutor.java:642) ~[na:na]
	at java.base/java.lang.Thread.run(Thread.java:1583) ~[na:na]
	Suppressed: java.net.ConnectException: Failed to connect to localhost/127.0.0.1:4318
		... 7 common frames omitted
	Caused by: java.net.ConnectException: Connection refused
		at java.base/sun.nio.ch.Net.pollConnect(Native Method)
		at java.base/sun.nio.ch.Net.pollConnectNow(Net.java:682)
		at java.base/sun.nio.ch.NioSocketImpl.timedFinishConnect(NioSocketImpl.java:549)
		at java.base/sun.nio.ch.NioSocketImpl.connect(NioSocketImpl.java:592)
		at java.base/java.net.SocksSocketImpl.connect(SocksSocketImpl.java:327)
		at java.base/java.net.Socket.connect(Socket.java:751)
		at okhttp3.internal.platform.Platform.connectSocket(Platform.kt:148)
		at okhttp3.internal.connection.ConnectPlan.connectSocket(ConnectPlan.kt:273)
		... 6 common frames omitted
Caused by: java.net.ConnectException: Connection refused
	at java.base/sun.nio.ch.Net.pollConnect(Native Method) ~[na:na]
	at java.base/sun.nio.ch.Net.pollConnectNow(Net.java:682) ~[na:na]
	at java.base/sun.nio.ch.NioSocketImpl.timedFinishConnect(NioSocketImpl.java:549) ~[na:na]
	at java.base/sun.nio.ch.NioSocketImpl.connect(NioSocketImpl.java:592) ~[na:na]
	at java.base/java.net.SocksSocketImpl.connect(SocksSocketImpl.java:327) ~[na:na]
	at java.base/java.net.Socket.connect(Socket.java:751) ~[na:na]
	at okhttp3.internal.platform.Platform.connectSocket(Platform.kt:148) ~[okhttp-jvm-5.2.1.jar:na]
	at okhttp3.internal.connection.ConnectPlan.connectSocket(ConnectPlan.kt:273) ~[okhttp-jvm-5.2.1.jar:na]
	... 6 common frames omitted

2026-03-11T23:47:38.152+11:00 ERROR 56430 --- [notification-service] [alhost:4318/...] i.o.exporter.internal.http.HttpExporter  : Failed to export logs. The request could not be executed. Full error message: Failed to connect to localhost/[0:0:0:0:0:0:0:1]:4318

java.net.ConnectException: Failed to connect to localhost/[0:0:0:0:0:0:0:1]:4318
	at okhttp3.internal.connection.ConnectPlan.connectSocket(ConnectPlan.kt:275) ~[okhttp-jvm-5.2.1.jar:na]
	at okhttp3.internal.connection.ConnectPlan.connectTcp(ConnectPlan.kt:134) ~[okhttp-jvm-5.2.1.jar:na]
	at okhttp3.internal.connection.FastFallbackExchangeFinder$launchTcpConnect$1.runOnce(FastFallbackExchangeFinder.kt:141) ~[okhttp-jvm-5.2.1.jar:na]
	at okhttp3.internal.concurrent.TaskRunner$runnable$1.run(TaskRunner.kt:81) ~[okhttp-jvm-5.2.1.jar:na]
	at java.base/java.util.concurrent.ThreadPoolExecutor.runWorker(ThreadPoolExecutor.java:1144) ~[na:na]
	at java.base/java.util.concurrent.ThreadPoolExecutor$Worker.run(ThreadPoolExecutor.java:642) ~[na:na]
	at java.base/java.lang.Thread.run(Thread.java:1583) ~[na:na]
	Suppressed: java.net.ConnectException: Failed to connect to localhost/127.0.0.1:4318
		... 7 common frames omitted
	Caused by: java.net.ConnectException: Connection refused
		at java.base/sun.nio.ch.Net.pollConnect(Native Method)
		at java.base/sun.nio.ch.Net.pollConnectNow(Net.java:682)
		at java.base/sun.nio.ch.NioSocketImpl.timedFinishConnect(NioSocketImpl.java:549)
		at java.base/sun.nio.ch.NioSocketImpl.connect(NioSocketImpl.java:592)
		at java.base/java.net.SocksSocketImpl.connect(SocksSocketImpl.java:327)
		at java.base/java.net.Socket.connect(Socket.java:751)
		at okhttp3.internal.platform.Platform.connectSocket(Platform.kt:148)
		at okhttp3.internal.connection.ConnectPlan.connectSocket(ConnectPlan.kt:273)
		... 6 common frames omitted
Caused by: java.net.ConnectException: Connection refused
	at java.base/sun.nio.ch.Net.pollConnect(Native Method) ~[na:na]
	at java.base/sun.nio.ch.Net.pollConnectNow(Net.java:682) ~[na:na]
	at java.base/sun.nio.ch.NioSocketImpl.timedFinishConnect(NioSocketImpl.java:549) ~[na:na]
	at java.base/sun.nio.ch.NioSocketImpl.connect(NioSocketImpl.java:592) ~[na:na]
	at java.base/java.net.SocksSocketImpl.connect(SocksSocketImpl.java:327) ~[na:na]
	at java.base/java.net.Socket.connect(Socket.java:751) ~[na:na]
	at okhttp3.internal.platform.Platform.connectSocket(Platform.kt:148) ~[okhttp-jvm-5.2.1.jar:na]
	at okhttp3.internal.connection.ConnectPlan.connectSocket(ConnectPlan.kt:273) ~[okhttp-jvm-5.2.1.jar:na]
	... 6 common frames omitted

2026-03-11T23:47:47.252+11:00 ERROR 56430 --- [notification-service] [alhost:4318/...] i.o.exporter.internal.http.HttpExporter  : Failed to export logs. The request could not be executed. Full error message: Failed to connect to localhost/[0:0:0:0:0:0:0:1]:4318

java.net.ConnectException: Failed to connect to localhost/[0:0:0:0:0:0:0:1]:4318
	at okhttp3.internal.connection.ConnectPlan.connectSocket(ConnectPlan.kt:275) ~[okhttp-jvm-5.2.1.jar:na]
	at okhttp3.internal.connection.ConnectPlan.connectTcp(ConnectPlan.kt:134) ~[okhttp-jvm-5.2.1.jar:na]
	at okhttp3.internal.connection.FastFallbackExchangeFinder$launchTcpConnect$1.runOnce(FastFallbackExchangeFinder.kt:141) ~[okhttp-jvm-5.2.1.jar:na]
	at okhttp3.internal.concurrent.TaskRunner$runnable$1.run(TaskRunner.kt:81) ~[okhttp-jvm-5.2.1.jar:na]
	at java.base/java.util.concurrent.ThreadPoolExecutor.runWorker(ThreadPoolExecutor.java:1144) ~[na:na]
	at java.base/java.util.concurrent.ThreadPoolExecutor$Worker.run(ThreadPoolExecutor.java:642) ~[na:na]
	at java.base/java.lang.Thread.run(Thread.java:1583) ~[na:na]
	Suppressed: java.net.ConnectException: Failed to connect to localhost/127.0.0.1:4318
		... 7 common frames omitted
	Caused by: java.net.ConnectException: Connection refused
		at java.base/sun.nio.ch.Net.pollConnect(Native Method)
		at java.base/sun.nio.ch.Net.pollConnectNow(Net.java:682)
		at java.base/sun.nio.ch.NioSocketImpl.timedFinishConnect(NioSocketImpl.java:542)
		at java.base/sun.nio.ch.NioSocketImpl.connect(NioSocketImpl.java:592)
		at java.base/java.net.SocksSocketImpl.connect(SocksSocketImpl.java:327)
		at java.base/java.net.Socket.connect(Socket.java:751)
		at okhttp3.internal.platform.Platform.connectSocket(Platform.kt:148)
		at okhttp3.internal.connection.ConnectPlan.connectSocket(ConnectPlan.kt:273)
		... 6 common frames omitted
Caused by: java.net.ConnectException: Connection refused
	at java.base/sun.nio.ch.Net.pollConnect(Native Method) ~[na:na]
	at java.base/sun.nio.ch.Net.pollConnectNow(Net.java:682) ~[na:na]
	at java.base/sun.nio.ch.NioSocketImpl.timedFinishConnect(NioSocketImpl.java:549) ~[na:na]
	at java.base/sun.nio.ch.NioSocketImpl.connect(NioSocketImpl.java:592) ~[na:na]
	at java.base/java.net.SocksSocketImpl.connect(SocksSocketImpl.java:327) ~[na:na]
	at java.base/java.net.Socket.connect(Socket.java:751) ~[na:na]
	at okhttp3.internal.platform.Platform.connectSocket(Platform.kt:148) ~[okhttp-jvm-5.2.1.jar:na]
	at okhttp3.internal.connection.ConnectPlan.connectSocket(ConnectPlan.kt:273) ~[okhttp-jvm-5.2.1.jar:na]
	... 6 common frames omitted

2026-03-11T23:47:55.679+11:00 ERROR 56430 --- [notification-service] [alhost:4318/...] i.o.exporter.internal.http.HttpExporter  : Failed to export logs. The request could not be executed. Full error message: Failed to connect to localhost/[0:0:0:0:0:0:0:1]:4318

java.net.ConnectException: Failed to connect to localhost/[0:0:0:0:0:0:0:1]:4318
	at okhttp3.internal.connection.ConnectPlan.connectSocket(ConnectPlan.kt:275) ~[okhttp-jvm-5.2.1.jar:na]
	at okhttp3.internal.connection.ConnectPlan.connectTcp(ConnectPlan.kt:134) ~[okhttp-jvm-5.2.1.jar:na]
	at okhttp3.internal.connection.FastFallbackExchangeFinder$launchTcpConnect$1.runOnce(FastFallbackExchangeFinder.kt:141) ~[okhttp-jvm-5.2.1.jar:na]
	at okhttp3.internal.concurrent.TaskRunner$runnable$1.run(TaskRunner.kt:81) ~[okhttp-jvm-5.2.1.jar:na]
	at java.base/java.util.concurrent.ThreadPoolExecutor.runWorker(ThreadPoolExecutor.java:1144) ~[na:na]
	at java.base/java.util.concurrent.ThreadPoolExecutor$Worker.run(ThreadPoolExecutor.java:642) ~[na:na]
	at java.base/java.lang.Thread.run(Thread.java:1583) ~[na:na]
	Suppressed: java.net.ConnectException: Failed to connect to localhost/127.0.0.1:4318
		... 7 common frames omitted
	Caused by: java.net.ConnectException: Connection refused
		at java.base/sun.nio.ch.Net.pollConnect(Native Method)
		at java.base/sun.nio.ch.Net.pollConnectNow(Net.java:682)
		at java.base/sun.nio.ch.NioSocketImpl.timedFinishConnect(NioSocketImpl.java:549)
		at java.base/sun.nio.ch.NioSocketImpl.connect(NioSocketImpl.java:592)
		at java.base/java.net.SocksSocketImpl.connect(SocksSocketImpl.java:327)
		at java.base/java.net.Socket.connect(Socket.java:751)
		at okhttp3.internal.platform.Platform.connectSocket(Platform.kt:148)
		at okhttp3.internal.connection.ConnectPlan.connectSocket(ConnectPlan.kt:273)
		... 6 common frames omitted
Caused by: java.net.ConnectException: Connection refused
	at java.base/sun.nio.ch.Net.pollConnect(Native Method) ~[na:na]
	at java.base/sun.nio.ch.Net.pollConnectNow(Net.java:682) ~[na:na]
	at java.base/sun.nio.ch.NioSocketImpl.timedFinishConnect(NioSocketImpl.java:549) ~[na:na]
	at java.base/sun.nio.ch.NioSocketImpl.connect(NioSocketImpl.java:592) ~[na:na]
	at java.base/java.net.SocksSocketImpl.connect(SocksSocketImpl.java:327) ~[na:na]
	at java.base/java.net.Socket.connect(Socket.java:751) ~[na:na]
	at okhttp3.internal.platform.Platform.connectSocket(Platform.kt:148) ~[okhttp-jvm-5.2.1.jar:na]
	at okhttp3.internal.connection.ConnectPlan.connectSocket(ConnectPlan.kt:273) ~[okhttp-jvm-5.2.1.jar:na]
	... 6 common frames omitted

2026-03-11T23:48:04.952+11:00 ERROR 56430 --- [notification-service] [alhost:4318/...] i.o.exporter.internal.http.HttpExporter  : Failed to export logs. The request could not be executed. Full error message: Failed to connect to localhost/[0:0:0:0:0:0:0:1]:4318

java.net.ConnectException: Failed to connect to localhost/[0:0:0:0:0:0:0:1]:4318
	at okhttp3.internal.connection.ConnectPlan.connectSocket(ConnectPlan.kt:275) ~[okhttp-jvm-5.2.1.jar:na]
	at okhttp3.internal.connection.ConnectPlan.connectTcp(ConnectPlan.kt:134) ~[okhttp-jvm-5.2.1.jar:na]
	at okhttp3.internal.connection.FastFallbackExchangeFinder$launchTcpConnect$1.runOnce(FastFallbackExchangeFinder.kt:141) ~[okhttp-jvm-5.2.1.jar:na]
	at okhttp3.internal.concurrent.TaskRunner$runnable$1.run(TaskRunner.kt:81) ~[okhttp-jvm-5.2.1.jar:na]
	at java.base/java.util.concurrent.ThreadPoolExecutor.runWorker(ThreadPoolExecutor.java:1144) ~[na:na]
	at java.base/java.util.concurrent.ThreadPoolExecutor$Worker.run(ThreadPoolExecutor.java:642) ~[na:na]
	at java.base/java.lang.Thread.run(Thread.java:1583) ~[na:na]
	Suppressed: java.net.ConnectException: Failed to connect to localhost/127.0.0.1:4318
		... 7 common frames omitted
	Caused by: java.net.ConnectException: Connection refused
		at java.base/sun.nio.ch.Net.pollConnect(Native Method)
		at java.base/sun.nio.ch.Net.pollConnectNow(Net.java:682)
		at java.base/sun.nio.ch.NioSocketImpl.timedFinishConnect(NioSocketImpl.java:549)
		at java.base/sun.nio.ch.NioSocketImpl.connect(NioSocketImpl.java:592)
		at java.base/java.net.SocksSocketImpl.connect(SocksSocketImpl.java:327)
		at java.base/java.net.Socket.connect(Socket.java:751)
		at okhttp3.internal.platform.Platform.connectSocket(Platform.kt:148)
		at okhttp3.internal.connection.ConnectPlan.connectSocket(ConnectPlan.kt:273)
		... 6 common frames omitted
Caused by: java.net.ConnectException: Connection refused
	at java.base/sun.nio.ch.Net.pollConnect(Native Method) ~[na:na]
	at java.base/sun.nio.ch.Net.pollConnectNow(Net.java:682) ~[na:na]
	at java.base/sun.nio.ch.NioSocketImpl.timedFinishConnect(NioSocketImpl.java:549) ~[na:na]
	at java.base/sun.nio.ch.NioSocketImpl.connect(NioSocketImpl.java:592) ~[na:na]
	at java.base/java.net.SocksSocketImpl.connect(SocksSocketImpl.java:327) ~[na:na]
	at java.base/java.net.Socket.connect(Socket.java:751) ~[na:na]
	at okhttp3.internal.platform.Platform.connectSocket(Platform.kt:148) ~[okhttp-jvm-5.2.1.jar:na]
	at okhttp3.internal.connection.ConnectPlan.connectSocket(ConnectPlan.kt:273) ~[okhttp-jvm-5.2.1.jar:na]
	... 6 common frames omitted

2026-03-11T23:48:12.603+11:00 ERROR 56430 --- [notification-service] [alhost:4318/...] i.o.exporter.internal.http.HttpExporter  : Failed to export metrics. The request could not be executed. Full error message: Failed to connect to localhost/[0:0:0:0:0:0:0:1]:4318

java.net.ConnectException: Failed to connect to localhost/[0:0:0:0:0:0:0:1]:4318
	at okhttp3.internal.connection.ConnectPlan.connectSocket(ConnectPlan.kt:275) ~[okhttp-jvm-5.2.1.jar:na]
	at okhttp3.internal.connection.ConnectPlan.connectTcp(ConnectPlan.kt:134) ~[okhttp-jvm-5.2.1.jar:na]
	at okhttp3.internal.connection.FastFallbackExchangeFinder$launchTcpConnect$1.runOnce(FastFallbackExchangeFinder.kt:141) ~[okhttp-jvm-5.2.1.jar:na]
	at okhttp3.internal.concurrent.TaskRunner$runnable$1.run(TaskRunner.kt:81) ~[okhttp-jvm-5.2.1.jar:na]
	at java.base/java.util.concurrent.ThreadPoolExecutor.runWorker(ThreadPoolExecutor.java:1144) ~[na:na]
	at java.base/java.util.concurrent.ThreadPoolExecutor$Worker.run(ThreadPoolExecutor.java:642) ~[na:na]
	at java.base/java.lang.Thread.run(Thread.java:1583) ~[na:na]
	Suppressed: java.net.ConnectException: Failed to connect to localhost/127.0.0.1:4318
		... 7 common frames omitted
	Caused by: java.net.ConnectException: Connection refused
		at java.base/sun.nio.ch.Net.pollConnect(Native Method)
		at java.base/sun.nio.ch.Net.pollConnectNow(Net.java:682)
		at java.base/sun.nio.ch.NioSocketImpl.timedFinishConnect(NioSocketImpl.java:549)
		at java.base/sun.nio.ch.NioSocketImpl.connect(NioSocketImpl.java:592)
		at java.base/java.net.SocksSocketImpl.connect(SocksSocketImpl.java:327)
		at java.base/java.net.Socket.connect(Socket.java:751)
		at okhttp3.internal.platform.Platform.connectSocket(Platform.kt:148)
		at okhttp3.internal.connection.ConnectPlan.connectSocket(ConnectPlan.kt:273)
		... 6 common frames omitted
Caused by: java.net.ConnectException: Connection refused
	at java.base/sun.nio.ch.Net.pollConnect(Native Method) ~[na:na]
	at java.base/sun.nio.ch.Net.pollConnectNow(Net.java:682) ~[na:na]
	at java.base/sun.nio.ch.NioSocketImpl.timedFinishConnect(NioSocketImpl.java:549) ~[na:na]
	at java.base/sun.nio.ch.NioSocketImpl.connect(NioSocketImpl.java:592) ~[na:na]
	at java.base/java.net.SocksSocketImpl.connect(SocksSocketImpl.java:327) ~[na:na]
	at java.base/java.net.Socket.connect(Socket.java:751) ~[na:na]
	at okhttp3.internal.platform.Platform.connectSocket(Platform.kt:148) ~[okhttp-jvm-5.2.1.jar:na]
	at okhttp3.internal.connection.ConnectPlan.connectSocket(ConnectPlan.kt:273) ~[okhttp-jvm-5.2.1.jar:na]
	... 6 common frames omitted

2026-03-11T23:48:13.781+11:00 ERROR 56430 --- [notification-service] [alhost:4318/...] i.o.exporter.internal.http.HttpExporter  : Failed to export logs. The request could not be executed. Full error message: Failed to connect to localhost/[0:0:0:0:0:0:0:1]:4318

java.net.ConnectException: Failed to connect to localhost/[0:0:0:0:0:0:0:1]:4318
	at okhttp3.internal.connection.ConnectPlan.connectSocket(ConnectPlan.kt:275) ~[okhttp-jvm-5.2.1.jar:na]
	at okhttp3.internal.connection.ConnectPlan.connectTcp(ConnectPlan.kt:134) ~[okhttp-jvm-5.2.1.jar:na]
	at okhttp3.internal.connection.FastFallbackExchangeFinder$launchTcpConnect$1.runOnce(FastFallbackExchangeFinder.kt:141) ~[okhttp-jvm-5.2.1.jar:na]
	at okhttp3.internal.concurrent.TaskRunner$runnable$1.run(TaskRunner.kt:81) ~[okhttp-jvm-5.2.1.jar:na]
	at java.base/java.util.concurrent.ThreadPoolExecutor.runWorker(ThreadPoolExecutor.java:1144) ~[na:na]
	at java.base/java.util.concurrent.ThreadPoolExecutor$Worker.run(ThreadPoolExecutor.java:642) ~[na:na]
	at java.base/java.lang.Thread.run(Thread.java:1583) ~[na:na]
	Suppressed: java.net.ConnectException: Failed to connect to localhost/127.0.0.1:4318
		... 7 common frames omitted
	Caused by: java.net.ConnectException: Connection refused
		at java.base/sun.nio.ch.Net.pollConnect(Native Method)
		at java.base/sun.nio.ch.Net.pollConnectNow(Net.java:682)
		at java.base/sun.nio.ch.NioSocketImpl.timedFinishConnect(NioSocketImpl.java:549)
		at java.base/sun.nio.ch.NioSocketImpl.connect(NioSocketImpl.java:592)
		at java.base/java.net.SocksSocketImpl.connect(SocksSocketImpl.java:327)
		at java.base/java.net.Socket.connect(Socket.java:751)
		at okhttp3.internal.platform.Platform.connectSocket(Platform.kt:148)
		at okhttp3.internal.connection.ConnectPlan.connectSocket(ConnectPlan.kt:273)
		... 6 common frames omitted
Caused by: java.net.ConnectException: Connection refused
	at java.base/sun.nio.ch.Net.pollConnect(Native Method) ~[na:na]
	at java.base/sun.nio.ch.Net.pollConnectNow(Net.java:682) ~[na:na]
	at java.base/sun.nio.ch.NioSocketImpl.timedFinishConnect(NioSocketImpl.java:549) ~[na:na]
	at java.base/sun.nio.ch.NioSocketImpl.connect(NioSocketImpl.java:592) ~[na:na]
	at java.base/java.net.SocksSocketImpl.connect(SocksSocketImpl.java:327) ~[na:na]
	at java.base/java.net.Socket.connect(Socket.java:751) ~[na:na]
	at okhttp3.internal.platform.Platform.connectSocket(Platform.kt:148) ~[okhttp-jvm-5.2.1.jar:na]
	at okhttp3.internal.connection.ConnectPlan.connectSocket(ConnectPlan.kt:273) ~[okhttp-jvm-5.2.1.jar:na]
	... 6 common frames omitted

2026-03-11T23:48:22.245+11:00 ERROR 56430 --- [notification-service] [alhost:4318/...] i.o.exporter.internal.http.HttpExporter  : Failed to export logs. The request could not be executed. Full error message: Failed to connect to localhost/[0:0:0:0:0:0:0:1]:4318

java.net.ConnectException: Failed to connect to localhost/[0:0:0:0:0:0:0:1]:4318
	at okhttp3.internal.connection.ConnectPlan.connectSocket(ConnectPlan.kt:275) ~[okhttp-jvm-5.2.1.jar:na]
	at okhttp3.internal.connection.ConnectPlan.connectTcp(ConnectPlan.kt:134) ~[okhttp-jvm-5.2.1.jar:na]
	at okhttp3.internal.connection.FastFallbackExchangeFinder$launchTcpConnect$1.runOnce(FastFallbackExchangeFinder.kt:141) ~[okhttp-jvm-5.2.1.jar:na]
	at okhttp3.internal.concurrent.TaskRunner$runnable$1.run(TaskRunner.kt:81) ~[okhttp-jvm-5.2.1.jar:na]
	at java.base/java.util.concurrent.ThreadPoolExecutor.runWorker(ThreadPoolExecutor.java:1144) ~[na:na]
	at java.base/java.util.concurrent.ThreadPoolExecutor$Worker.run(ThreadPoolExecutor.java:642) ~[na:na]
	at java.base/java.lang.Thread.run(Thread.java:1583) ~[na:na]
	Suppressed: java.net.ConnectException: Failed to connect to localhost/127.0.0.1:4318
		... 7 common frames omitted
	Caused by: java.net.ConnectException: Connection refused
		at java.base/sun.nio.ch.Net.pollConnect(Native Method)
		at java.base/sun.nio.ch.Net.pollConnectNow(Net.java:682)
		at java.base/sun.nio.ch.NioSocketImpl.timedFinishConnect(NioSocketImpl.java:549)
		at java.base/sun.nio.ch.NioSocketImpl.connect(NioSocketImpl.java:592)
		at java.base/java.net.SocksSocketImpl.connect(SocksSocketImpl.java:327)
		at java.base/java.net.Socket.connect(Socket.java:751)
		at okhttp3.internal.platform.Platform.connectSocket(Platform.kt:148)
		at okhttp3.internal.connection.ConnectPlan.connectSocket(ConnectPlan.kt:273)
		... 6 common frames omitted
Caused by: java.net.ConnectException: Connection refused
	at java.base/sun.nio.ch.Net.pollConnect(Native Method) ~[na:na]
	at java.base/sun.nio.ch.Net.pollConnectNow(Net.java:682) ~[na:na]
	at java.base/sun.nio.ch.NioSocketImpl.timedFinishConnect(NioSocketImpl.java:549) ~[na:na]
	at java.base/sun.nio.ch.NioSocketImpl.connect(NioSocketImpl.java:592) ~[na:na]
	at java.base/java.net.SocksSocketImpl.connect(SocksSocketImpl.java:327) ~[na:na]
	at java.base/java.net.Socket.connect(Socket.java:751) ~[na:na]
	at okhttp3.internal.platform.Platform.connectSocket(Platform.kt:148) ~[okhttp-jvm-5.2.1.jar:na]
	at okhttp3.internal.connection.ConnectPlan.connectSocket(ConnectPlan.kt:273) ~[okhttp-jvm-5.2.1.jar:na]
	... 6 common frames omitted

2026-03-11T23:48:31.705+11:00 ERROR 56430 --- [notification-service] [alhost:4318/...] i.o.exporter.internal.http.HttpExporter  : Failed to export logs. The request could not be executed. Full error message: Failed to connect to localhost/[0:0:0:0:0:0:0:1]:4318

java.net.ConnectException: Failed to connect to localhost/[0:0:0:0:0:0:0:1]:4318
	at okhttp3.internal.connection.ConnectPlan.connectSocket(ConnectPlan.kt:275) ~[okhttp-jvm-5.2.1.jar:na]
	at okhttp3.internal.connection.ConnectPlan.connectTcp(ConnectPlan.kt:134) ~[okhttp-jvm-5.2.1.jar:na]
	at okhttp3.internal.connection.FastFallbackExchangeFinder$launchTcpConnect$1.runOnce(FastFallbackExchangeFinder.kt:141) ~[okhttp-jvm-5.2.1.jar:na]
	at okhttp3.internal.concurrent.TaskRunner$runnable$1.run(TaskRunner.kt:81) ~[okhttp-jvm-5.2.1.jar:na]
	at java.base/java.util.concurrent.ThreadPoolExecutor.runWorker(ThreadPoolExecutor.java:1144) ~[na:na]
	at java.base/java.util.concurrent.ThreadPoolExecutor$Worker.run(ThreadPoolExecutor.java:642) ~[na:na]
	at java.base/java.lang.Thread.run(Thread.java:1583) ~[na:na]
	Suppressed: java.net.ConnectException: Failed to connect to localhost/127.0.0.1:4318
		... 7 common frames omitted
	Caused by: java.net.ConnectException: Connection refused
		at java.base/sun.nio.ch.Net.pollConnect(Native Method)
		at java.base/sun.nio.ch.Net.pollConnectNow(Net.java:682)
		at java.base/sun.nio.ch.NioSocketImpl.timedFinishConnect(NioSocketImpl.java:542)
		at java.base/sun.nio.ch.NioSocketImpl.connect(NioSocketImpl.java:592)
		at java.base/java.net.SocksSocketImpl.connect(SocksSocketImpl.java:327)
		at java.base/java.net.Socket.connect(Socket.java:751)
		at okhttp3.internal.platform.Platform.connectSocket(Platform.kt:148)
		at okhttp3.internal.connection.ConnectPlan.connectSocket(ConnectPlan.kt:273)
		... 6 common frames omitted
Caused by: java.net.ConnectException: Connection refused
	at java.base/sun.nio.ch.Net.pollConnect(Native Method) ~[na:na]
	at java.base/sun.nio.ch.Net.pollConnectNow(Net.java:682) ~[na:na]
	at java.base/sun.nio.ch.NioSocketImpl.timedFinishConnect(NioSocketImpl.java:549) ~[na:na]
	at java.base/sun.nio.ch.NioSocketImpl.connect(NioSocketImpl.java:592) ~[na:na]
	at java.base/java.net.SocksSocketImpl.connect(SocksSocketImpl.java:327) ~[na:na]
	at java.base/java.net.Socket.connect(Socket.java:751) ~[na:na]
	at okhttp3.internal.platform.Platform.connectSocket(Platform.kt:148) ~[okhttp-jvm-5.2.1.jar:na]
	at okhttp3.internal.connection.ConnectPlan.connectSocket(ConnectPlan.kt:273) ~[okhttp-jvm-5.2.1.jar:na]
	... 6 common frames omitted

2026-03-11T23:48:40.832+11:00 ERROR 56430 --- [notification-service] [alhost:4318/...] i.o.exporter.internal.http.HttpExporter  : Failed to export logs. The request could not be executed. Full error message: Failed to connect to localhost/[0:0:0:0:0:0:0:1]:4318

java.net.ConnectException: Failed to connect to localhost/[0:0:0:0:0:0:0:1]:4318
	at okhttp3.internal.connection.ConnectPlan.connectSocket(ConnectPlan.kt:275) ~[okhttp-jvm-5.2.1.jar:na]
	at okhttp3.internal.connection.ConnectPlan.connectTcp(ConnectPlan.kt:134) ~[okhttp-jvm-5.2.1.jar:na]
	at okhttp3.internal.connection.FastFallbackExchangeFinder$launchTcpConnect$1.runOnce(FastFallbackExchangeFinder.kt:141) ~[okhttp-jvm-5.2.1.jar:na]
	at okhttp3.internal.concurrent.TaskRunner$runnable$1.run(TaskRunner.kt:81) ~[okhttp-jvm-5.2.1.jar:na]
	at java.base/java.util.concurrent.ThreadPoolExecutor.runWorker(ThreadPoolExecutor.java:1144) ~[na:na]
	at java.base/java.util.concurrent.ThreadPoolExecutor$Worker.run(ThreadPoolExecutor.java:642) ~[na:na]
	at java.base/java.lang.Thread.run(Thread.java:1583) ~[na:na]
	Suppressed: java.net.ConnectException: Failed to connect to localhost/127.0.0.1:4318
		... 7 common frames omitted
	Caused by: java.net.ConnectException: Connection refused
		at java.base/sun.nio.ch.Net.pollConnect(Native Method)
		at java.base/sun.nio.ch.Net.pollConnectNow(Net.java:682)
		at java.base/sun.nio.ch.NioSocketImpl.timedFinishConnect(NioSocketImpl.java:549)
		at java.base/sun.nio.ch.NioSocketImpl.connect(NioSocketImpl.java:592)
		at java.base/java.net.SocksSocketImpl.connect(SocksSocketImpl.java:327)
		at java.base/java.net.Socket.connect(Socket.java:751)
		at okhttp3.internal.platform.Platform.connectSocket(Platform.kt:148)
		at okhttp3.internal.connection.ConnectPlan.connectSocket(ConnectPlan.kt:273)
		... 6 common frames omitted
Caused by: java.net.ConnectException: Connection refused
	at java.base/sun.nio.ch.Net.pollConnect(Native Method) ~[na:na]
	at java.base/sun.nio.ch.Net.pollConnectNow(Net.java:682) ~[na:na]
	at java.base/sun.nio.ch.NioSocketImpl.timedFinishConnect(NioSocketImpl.java:549) ~[na:na]
	at java.base/sun.nio.ch.NioSocketImpl.connect(NioSocketImpl.java:592) ~[na:na]
	at java.base/java.net.SocksSocketImpl.connect(SocksSocketImpl.java:327) ~[na:na]
	at java.base/java.net.Socket.connect(Socket.java:751) ~[na:na]
	at okhttp3.internal.platform.Platform.connectSocket(Platform.kt:148) ~[okhttp-jvm-5.2.1.jar:na]
	at okhttp3.internal.connection.ConnectPlan.connectSocket(ConnectPlan.kt:273) ~[okhttp-jvm-5.2.1.jar:na]
	... 6 common frames omitted

2026-03-11T23:48:50.017+11:00 ERROR 56430 --- [notification-service] [alhost:4318/...] i.o.exporter.internal.http.HttpExporter  : Too many log messages detected. Will only log 1 time(s) per minute from now on.
2026-03-11T23:48:50.017+11:00 ERROR 56430 --- [notification-service] [alhost:4318/...] i.o.exporter.internal.http.HttpExporter  : Failed to export logs. The request could not be executed. Full error message: Failed to connect to localhost/[0:0:0:0:0:0:0:1]:4318

java.net.ConnectException: Failed to connect to localhost/[0:0:0:0:0:0:0:1]:4318
	at okhttp3.internal.connection.ConnectPlan.connectSocket(ConnectPlan.kt:275) ~[okhttp-jvm-5.2.1.jar:na]
	at okhttp3.internal.connection.ConnectPlan.connectTcp(ConnectPlan.kt:134) ~[okhttp-jvm-5.2.1.jar:na]
	at okhttp3.internal.connection.FastFallbackExchangeFinder$launchTcpConnect$1.runOnce(FastFallbackExchangeFinder.kt:141) ~[okhttp-jvm-5.2.1.jar:na]
	at okhttp3.internal.concurrent.TaskRunner$runnable$1.run(TaskRunner.kt:81) ~[okhttp-jvm-5.2.1.jar:na]
	at java.base/java.util.concurrent.ThreadPoolExecutor.runWorker(ThreadPoolExecutor.java:1144) ~[na:na]
	at java.base/java.util.concurrent.ThreadPoolExecutor$Worker.run(ThreadPoolExecutor.java:642) ~[na:na]
	at java.base/java.lang.Thread.run(Thread.java:1583) ~[na:na]
	Suppressed: java.net.ConnectException: Failed to connect to localhost/127.0.0.1:4318
		... 7 common frames omitted
	Caused by: java.net.ConnectException: Connection refused
		at java.base/sun.nio.ch.Net.pollConnect(Native Method)
		at java.base/sun.nio.ch.Net.pollConnectNow(Net.java:682)
		at java.base/sun.nio.ch.NioSocketImpl.timedFinishConnect(NioSocketImpl.java:549)
		at java.base/sun.nio.ch.NioSocketImpl.connect(NioSocketImpl.java:592)
		at java.base/java.net.SocksSocketImpl.connect(SocksSocketImpl.java:327)
		at java.base/java.net.Socket.connect(Socket.java:751)
		at okhttp3.internal.platform.Platform.connectSocket(Platform.kt:148)
		at okhttp3.internal.connection.ConnectPlan.connectSocket(ConnectPlan.kt:273)
		... 6 common frames omitted
Caused by: java.net.ConnectException: Connection refused
	at java.base/sun.nio.ch.Net.pollConnect(Native Method) ~[na:na]
	at java.base/sun.nio.ch.Net.pollConnectNow(Net.java:682) ~[na:na]
	at java.base/sun.nio.ch.NioSocketImpl.timedFinishConnect(NioSocketImpl.java:542) ~[na:na]
	at java.base/sun.nio.ch.NioSocketImpl.connect(NioSocketImpl.java:592) ~[na:na]
	at java.base/java.net.SocksSocketImpl.connect(SocksSocketImpl.java:327) ~[na:na]
	at java.base/java.net.Socket.connect(Socket.java:751) ~[na:na]
	at okhttp3.internal.platform.Platform.connectSocket(Platform.kt:148) ~[okhttp-jvm-5.2.1.jar:na]
	at okhttp3.internal.connection.ConnectPlan.connectSocket(ConnectPlan.kt:273) ~[okhttp-jvm-5.2.1.jar:na]
	... 6 common frames omitted

2026-03-11T23:49:12.514+11:00 ERROR 56430 --- [notification-service] [alhost:4318/...] i.o.exporter.internal.http.HttpExporter  : Failed to export metrics. The request could not be executed. Full error message: Failed to connect to localhost/[0:0:0:0:0:0:0:1]:4318

java.net.ConnectException: Failed to connect to localhost/[0:0:0:0:0:0:0:1]:4318
	at okhttp3.internal.connection.ConnectPlan.connectSocket(ConnectPlan.kt:275) ~[okhttp-jvm-5.2.1.jar:na]
	at okhttp3.internal.connection.ConnectPlan.connectTcp(ConnectPlan.kt:134) ~[okhttp-jvm-5.2.1.jar:na]
	at okhttp3.internal.connection.FastFallbackExchangeFinder$launchTcpConnect$1.runOnce(FastFallbackExchangeFinder.kt:141) ~[okhttp-jvm-5.2.1.jar:na]
	at okhttp3.internal.concurrent.TaskRunner$runnable$1.run(TaskRunner.kt:81) ~[okhttp-jvm-5.2.1.jar:na]
	at java.base/java.util.concurrent.ThreadPoolExecutor.runWorker(ThreadPoolExecutor.java:1144) ~[na:na]
	at java.base/java.util.concurrent.ThreadPoolExecutor$Worker.run(ThreadPoolExecutor.java:642) ~[na:na]
	at java.base/java.lang.Thread.run(Thread.java:1583) ~[na:na]
	Suppressed: java.net.ConnectException: Failed to connect to localhost/127.0.0.1:4318
		... 7 common frames omitted
	Caused by: java.net.ConnectException: Connection refused
		at java.base/sun.nio.ch.Net.pollConnect(Native Method)
		at java.base/sun.nio.ch.Net.pollConnectNow(Net.java:682)
		at java.base/sun.nio.ch.NioSocketImpl.timedFinishConnect(NioSocketImpl.java:549)
		at java.base/sun.nio.ch.NioSocketImpl.connect(NioSocketImpl.java:592)
		at java.base/java.net.SocksSocketImpl.connect(SocksSocketImpl.java:327)
		at java.base/java.net.Socket.connect(Socket.java:751)
		at okhttp3.internal.platform.Platform.connectSocket(Platform.kt:148)
		at okhttp3.internal.connection.ConnectPlan.connectSocket(ConnectPlan.kt:273)
		... 6 common frames omitted
Caused by: java.net.ConnectException: Connection refused
	at java.base/sun.nio.ch.Net.pollConnect(Native Method) ~[na:na]
	at java.base/sun.nio.ch.Net.pollConnectNow(Net.java:682) ~[na:na]
	at java.base/sun.nio.ch.NioSocketImpl.timedFinishConnect(NioSocketImpl.java:549) ~[na:na]
	at java.base/sun.nio.ch.NioSocketImpl.connect(NioSocketImpl.java:592) ~[na:na]
	at java.base/java.net.SocksSocketImpl.connect(SocksSocketImpl.java:327) ~[na:na]
	at java.base/java.net.Socket.connect(Socket.java:751) ~[na:na]
	at okhttp3.internal.platform.Platform.connectSocket(Platform.kt:148) ~[okhttp-jvm-5.2.1.jar:na]
	at okhttp3.internal.connection.ConnectPlan.connectSocket(ConnectPlan.kt:273) ~[okhttp-jvm-5.2.1.jar:na]
	... 6 common frames omitted

2026-03-11T23:50:11.832+11:00 ERROR 56430 --- [notification-service] [alhost:4318/...] i.o.exporter.internal.http.HttpExporter  : Failed to export metrics. The request could not be executed. Full error message: Failed to connect to localhost/[0:0:0:0:0:0:0:1]:4318

java.net.ConnectException: Failed to connect to localhost/[0:0:0:0:0:0:0:1]:4318
	at okhttp3.internal.connection.ConnectPlan.connectSocket(ConnectPlan.kt:275) ~[okhttp-jvm-5.2.1.jar:na]
	at okhttp3.internal.connection.ConnectPlan.connectTcp(ConnectPlan.kt:134) ~[okhttp-jvm-5.2.1.jar:na]
	at okhttp3.internal.connection.FastFallbackExchangeFinder$launchTcpConnect$1.runOnce(FastFallbackExchangeFinder.kt:141) ~[okhttp-jvm-5.2.1.jar:na]
	at okhttp3.internal.concurrent.TaskRunner$runnable$1.run(TaskRunner.kt:81) ~[okhttp-jvm-5.2.1.jar:na]
	at java.base/java.util.concurrent.ThreadPoolExecutor.runWorker(ThreadPoolExecutor.java:1144) ~[na:na]
	at java.base/java.util.concurrent.ThreadPoolExecutor$Worker.run(ThreadPoolExecutor.java:642) ~[na:na]
	at java.base/java.lang.Thread.run(Thread.java:1583) ~[na:na]
	Suppressed: java.net.ConnectException: Failed to connect to localhost/127.0.0.1:4318
		... 7 common frames omitted
	Caused by: java.net.ConnectException: Connection refused
		at java.base/sun.nio.ch.Net.pollConnect(Native Method)
		at java.base/sun.nio.ch.Net.pollConnectNow(Net.java:682)
		at java.base/sun.nio.ch.NioSocketImpl.timedFinishConnect(NioSocketImpl.java:542)
		at java.base/sun.nio.ch.NioSocketImpl.connect(NioSocketImpl.java:592)
		at java.base/java.net.SocksSocketImpl.connect(SocksSocketImpl.java:327)
		at java.base/java.net.Socket.connect(Socket.java:751)
		at okhttp3.internal.platform.Platform.connectSocket(Platform.kt:148)
		at okhttp3.internal.connection.ConnectPlan.connectSocket(ConnectPlan.kt:273)
		... 6 common frames omitted
Caused by: java.net.ConnectException: Connection refused
	at java.base/sun.nio.ch.Net.pollConnect(Native Method) ~[na:na]
	at java.base/sun.nio.ch.Net.pollConnectNow(Net.java:682) ~[na:na]
	at java.base/sun.nio.ch.NioSocketImpl.timedFinishConnect(NioSocketImpl.java:542) ~[na:na]
	at java.base/sun.nio.ch.NioSocketImpl.connect(NioSocketImpl.java:592) ~[na:na]
	at java.base/java.net.SocksSocketImpl.connect(SocksSocketImpl.java:327) ~[na:na]
	at java.base/java.net.Socket.connect(Socket.java:751) ~[na:na]
	at okhttp3.internal.platform.Platform.connectSocket(Platform.kt:148) ~[okhttp-jvm-5.2.1.jar:na]
	at okhttp3.internal.connection.ConnectPlan.connectSocket(ConnectPlan.kt:273) ~[okhttp-jvm-5.2.1.jar:na]
	... 6 common frames omitted

2026-03-11T23:50:21.373+11:00 ERROR 56430 --- [notification-service] [alhost:4318/...] i.o.exporter.internal.http.HttpExporter  : Failed to export logs. The request could not be executed. Full error message: Failed to connect to localhost/[0:0:0:0:0:0:0:1]:4318

java.net.ConnectException: Failed to connect to localhost/[0:0:0:0:0:0:0:1]:4318
	at okhttp3.internal.connection.ConnectPlan.connectSocket(ConnectPlan.kt:275) ~[okhttp-jvm-5.2.1.jar:na]
	at okhttp3.internal.connection.ConnectPlan.connectTcp(ConnectPlan.kt:134) ~[okhttp-jvm-5.2.1.jar:na]
	at okhttp3.internal.connection.FastFallbackExchangeFinder$launchTcpConnect$1.runOnce(FastFallbackExchangeFinder.kt:141) ~[okhttp-jvm-5.2.1.jar:na]
	at okhttp3.internal.concurrent.TaskRunner$runnable$1.run(TaskRunner.kt:81) ~[okhttp-jvm-5.2.1.jar:na]
	at java.base/java.util.concurrent.ThreadPoolExecutor.runWorker(ThreadPoolExecutor.java:1144) ~[na:na]
	at java.base/java.util.concurrent.ThreadPoolExecutor$Worker.run(ThreadPoolExecutor.java:642) ~[na:na]
	at java.base/java.lang.Thread.run(Thread.java:1583) ~[na:na]
	Suppressed: java.net.ConnectException: Failed to connect to localhost/127.0.0.1:4318
		... 7 common frames omitted
	Caused by: java.net.ConnectException: Connection refused
		at java.base/sun.nio.ch.Net.pollConnect(Native Method)
		at java.base/sun.nio.ch.Net.pollConnectNow(Net.java:682)
		at java.base/sun.nio.ch.NioSocketImpl.timedFinishConnect(NioSocketImpl.java:549)
		at java.base/sun.nio.ch.NioSocketImpl.connect(NioSocketImpl.java:592)
		at java.base/java.net.SocksSocketImpl.connect(SocksSocketImpl.java:327)
		at java.base/java.net.Socket.connect(Socket.java:751)
		at okhttp3.internal.platform.Platform.connectSocket(Platform.kt:148)
		at okhttp3.internal.connection.ConnectPlan.connectSocket(ConnectPlan.kt:273)
		... 6 common frames omitted
Caused by: java.net.ConnectException: Connection refused
	at java.base/sun.nio.ch.Net.pollConnect(Native Method) ~[na:na]
	at java.base/sun.nio.ch.Net.pollConnectNow(Net.java:682) ~[na:na]
	at java.base/sun.nio.ch.NioSocketImpl.timedFinishConnect(NioSocketImpl.java:549) ~[na:na]
	at java.base/sun.nio.ch.NioSocketImpl.connect(NioSocketImpl.java:592) ~[na:na]
	at java.base/java.net.SocksSocketImpl.connect(SocksSocketImpl.java:327) ~[na:na]
	at java.base/java.net.Socket.connect(Socket.java:751) ~[na:na]
	at okhttp3.internal.platform.Platform.connectSocket(Platform.kt:148) ~[okhttp-jvm-5.2.1.jar:na]
	at okhttp3.internal.connection.ConnectPlan.connectSocket(ConnectPlan.kt:273) ~[okhttp-jvm-5.2.1.jar:na]
	... 6 common frames omitted

2026-03-11T23:51:12.560+11:00 ERROR 56430 --- [notification-service] [alhost:4318/...] i.o.exporter.internal.http.HttpExporter  : Failed to export metrics. The request could not be executed. Full error message: Failed to connect to localhost/[0:0:0:0:0:0:0:1]:4318

java.net.ConnectException: Failed to connect to localhost/[0:0:0:0:0:0:0:1]:4318
	at okhttp3.internal.connection.ConnectPlan.connectSocket(ConnectPlan.kt:275) ~[okhttp-jvm-5.2.1.jar:na]
	at okhttp3.internal.connection.ConnectPlan.connectTcp(ConnectPlan.kt:134) ~[okhttp-jvm-5.2.1.jar:na]
	at okhttp3.internal.connection.FastFallbackExchangeFinder$launchTcpConnect$1.runOnce(FastFallbackExchangeFinder.kt:141) ~[okhttp-jvm-5.2.1.jar:na]
	at okhttp3.internal.concurrent.TaskRunner$runnable$1.run(TaskRunner.kt:81) ~[okhttp-jvm-5.2.1.jar:na]
	at java.base/java.util.concurrent.ThreadPoolExecutor.runWorker(ThreadPoolExecutor.java:1144) ~[na:na]
	at java.base/java.util.concurrent.ThreadPoolExecutor$Worker.run(ThreadPoolExecutor.java:642) ~[na:na]
	at java.base/java.lang.Thread.run(Thread.java:1583) ~[na:na]
	Suppressed: java.net.ConnectException: Failed to connect to localhost/127.0.0.1:4318
		... 7 common frames omitted
	Caused by: java.net.ConnectException: Connection refused
		at java.base/sun.nio.ch.Net.pollConnect(Native Method)
		at java.base/sun.nio.ch.Net.pollConnectNow(Net.java:682)
		at java.base/sun.nio.ch.NioSocketImpl.timedFinishConnect(NioSocketImpl.java:549)
		at java.base/sun.nio.ch.NioSocketImpl.connect(NioSocketImpl.java:592)
		at java.base/java.net.SocksSocketImpl.connect(SocksSocketImpl.java:327)
		at java.base/java.net.Socket.connect(Socket.java:751)
		at okhttp3.internal.platform.Platform.connectSocket(Platform.kt:148)
		at okhttp3.internal.connection.ConnectPlan.connectSocket(ConnectPlan.kt:273)
		... 6 common frames omitted
Caused by: java.net.ConnectException: Connection refused
	at java.base/sun.nio.ch.Net.pollConnect(Native Method) ~[na:na]
	at java.base/sun.nio.ch.Net.pollConnectNow(Net.java:682) ~[na:na]
	at java.base/sun.nio.ch.NioSocketImpl.timedFinishConnect(NioSocketImpl.java:549) ~[na:na]
	at java.base/sun.nio.ch.NioSocketImpl.connect(NioSocketImpl.java:592) ~[na:na]
	at java.base/java.net.SocksSocketImpl.connect(SocksSocketImpl.java:327) ~[na:na]
	at java.base/java.net.Socket.connect(Socket.java:751) ~[na:na]
	at okhttp3.internal.platform.Platform.connectSocket(Platform.kt:148) ~[okhttp-jvm-5.2.1.jar:na]
	at okhttp3.internal.connection.ConnectPlan.connectSocket(ConnectPlan.kt:273) ~[okhttp-jvm-5.2.1.jar:na]
	... 6 common frames omitted

2026-03-11T23:51:21.389+11:00 ERROR 56430 --- [notification-service] [alhost:4318/...] i.o.exporter.internal.http.HttpExporter  : Failed to export logs. The request could not be executed. Full error message: Failed to connect to localhost/[0:0:0:0:0:0:0:1]:4318

java.net.ConnectException: Failed to connect to localhost/[0:0:0:0:0:0:0:1]:4318
	at okhttp3.internal.connection.ConnectPlan.connectSocket(ConnectPlan.kt:275) ~[okhttp-jvm-5.2.1.jar:na]
	at okhttp3.internal.connection.ConnectPlan.connectTcp(ConnectPlan.kt:134) ~[okhttp-jvm-5.2.1.jar:na]
	at okhttp3.internal.connection.FastFallbackExchangeFinder$launchTcpConnect$1.runOnce(FastFallbackExchangeFinder.kt:141) ~[okhttp-jvm-5.2.1.jar:na]
	at okhttp3.internal.concurrent.TaskRunner$runnable$1.run(TaskRunner.kt:81) ~[okhttp-jvm-5.2.1.jar:na]
	at java.base/java.util.concurrent.ThreadPoolExecutor.runWorker(ThreadPoolExecutor.java:1144) ~[na:na]
	at java.base/java.util.concurrent.ThreadPoolExecutor$Worker.run(ThreadPoolExecutor.java:642) ~[na:na]
	at java.base/java.lang.Thread.run(Thread.java:1583) ~[na:na]
	Suppressed: java.net.ConnectException: Failed to connect to localhost/127.0.0.1:4318
		... 7 common frames omitted
	Caused by: java.net.ConnectException: Connection refused
		at java.base/sun.nio.ch.Net.pollConnect(Native Method)
		at java.base/sun.nio.ch.Net.pollConnectNow(Net.java:682)
		at java.base/sun.nio.ch.NioSocketImpl.timedFinishConnect(NioSocketImpl.java:549)
		at java.base/sun.nio.ch.NioSocketImpl.connect(NioSocketImpl.java:592)
		at java.base/java.net.SocksSocketImpl.connect(SocksSocketImpl.java:327)
		at java.base/java.net.Socket.connect(Socket.java:751)
		at okhttp3.internal.platform.Platform.connectSocket(Platform.kt:148)
		at okhttp3.internal.connection.ConnectPlan.connectSocket(ConnectPlan.kt:273)
		... 6 common frames omitted
Caused by: java.net.ConnectException: Connection refused
	at java.base/sun.nio.ch.Net.pollConnect(Native Method) ~[na:na]
	at java.base/sun.nio.ch.Net.pollConnectNow(Net.java:682) ~[na:na]
	at java.base/sun.nio.ch.NioSocketImpl.timedFinishConnect(NioSocketImpl.java:549) ~[na:na]
	at java.base/sun.nio.ch.NioSocketImpl.connect(NioSocketImpl.java:592) ~[na:na]
	at java.base/java.net.SocksSocketImpl.connect(SocksSocketImpl.java:327) ~[na:na]
	at java.base/java.net.Socket.connect(Socket.java:751) ~[na:na]
	at okhttp3.internal.platform.Platform.connectSocket(Platform.kt:148) ~[okhttp-jvm-5.2.1.jar:na]
	at okhttp3.internal.connection.ConnectPlan.connectSocket(ConnectPlan.kt:273) ~[okhttp-jvm-5.2.1.jar:na]
	... 6 common frames omitted

2026-03-11T23:52:12.809+11:00 ERROR 56430 --- [notification-service] [alhost:4318/...] i.o.exporter.internal.http.HttpExporter  : Failed to export metrics. The request could not be executed. Full error message: Failed to connect to localhost/[0:0:0:0:0:0:0:1]:4318

java.net.ConnectException: Failed to connect to localhost/[0:0:0:0:0:0:0:1]:4318
	at okhttp3.internal.connection.ConnectPlan.connectSocket(ConnectPlan.kt:275) ~[okhttp-jvm-5.2.1.jar:na]
	at okhttp3.internal.connection.ConnectPlan.connectTcp(ConnectPlan.kt:134) ~[okhttp-jvm-5.2.1.jar:na]
	at okhttp3.internal.connection.FastFallbackExchangeFinder$launchTcpConnect$1.runOnce(FastFallbackExchangeFinder.kt:141) ~[okhttp-jvm-5.2.1.jar:na]
	at okhttp3.internal.concurrent.TaskRunner$runnable$1.run(TaskRunner.kt:81) ~[okhttp-jvm-5.2.1.jar:na]
	at java.base/java.util.concurrent.ThreadPoolExecutor.runWorker(ThreadPoolExecutor.java:1144) ~[na:na]
	at java.base/java.util.concurrent.ThreadPoolExecutor$Worker.run(ThreadPoolExecutor.java:642) ~[na:na]
	at java.base/java.lang.Thread.run(Thread.java:1583) ~[na:na]
	Suppressed: java.net.ConnectException: Failed to connect to localhost/127.0.0.1:4318
		... 7 common frames omitted
	Caused by: java.net.ConnectException: Connection refused
		at java.base/sun.nio.ch.Net.pollConnect(Native Method)
		at java.base/sun.nio.ch.Net.pollConnectNow(Net.java:682)
		at java.base/sun.nio.ch.NioSocketImpl.timedFinishConnect(NioSocketImpl.java:549)
		at java.base/sun.nio.ch.NioSocketImpl.connect(NioSocketImpl.java:592)
		at java.base/java.net.SocksSocketImpl.connect(SocksSocketImpl.java:327)
		at java.base/java.net.Socket.connect(Socket.java:751)
		at okhttp3.internal.platform.Platform.connectSocket(Platform.kt:148)
		at okhttp3.internal.connection.ConnectPlan.connectSocket(ConnectPlan.kt:273)
		... 6 common frames omitted
Caused by: java.net.ConnectException: Connection refused
	at java.base/sun.nio.ch.Net.pollConnect(Native Method) ~[na:na]
	at java.base/sun.nio.ch.Net.pollConnectNow(Net.java:682) ~[na:na]
	at java.base/sun.nio.ch.NioSocketImpl.timedFinishConnect(NioSocketImpl.java:549) ~[na:na]
	at java.base/sun.nio.ch.NioSocketImpl.connect(NioSocketImpl.java:592) ~[na:na]
	at java.base/java.net.SocksSocketImpl.connect(SocksSocketImpl.java:327) ~[na:na]
	at java.base/java.net.Socket.connect(Socket.java:751) ~[na:na]
	at okhttp3.internal.platform.Platform.connectSocket(Platform.kt:148) ~[okhttp-jvm-5.2.1.jar:na]
	at okhttp3.internal.connection.ConnectPlan.connectSocket(ConnectPlan.kt:273) ~[okhttp-jvm-5.2.1.jar:na]
	... 6 common frames omitted

2026-03-11T23:53:12.170+11:00 ERROR 56430 --- [notification-service] [alhost:4318/...] i.o.exporter.internal.http.HttpExporter  : Failed to export metrics. The request could not be executed. Full error message: Failed to connect to localhost/[0:0:0:0:0:0:0:1]:4318

java.net.ConnectException: Failed to connect to localhost/[0:0:0:0:0:0:0:1]:4318
	at okhttp3.internal.connection.ConnectPlan.connectSocket(ConnectPlan.kt:275) ~[okhttp-jvm-5.2.1.jar:na]
	at okhttp3.internal.connection.ConnectPlan.connectTcp(ConnectPlan.kt:134) ~[okhttp-jvm-5.2.1.jar:na]
	at okhttp3.internal.connection.FastFallbackExchangeFinder$launchTcpConnect$1.runOnce(FastFallbackExchangeFinder.kt:141) ~[okhttp-jvm-5.2.1.jar:na]
	at okhttp3.internal.concurrent.TaskRunner$runnable$1.run(TaskRunner.kt:81) ~[okhttp-jvm-5.2.1.jar:na]
	at java.base/java.util.concurrent.ThreadPoolExecutor.runWorker(ThreadPoolExecutor.java:1144) ~[na:na]
	at java.base/java.util.concurrent.ThreadPoolExecutor$Worker.run(ThreadPoolExecutor.java:642) ~[na:na]
	at java.base/java.lang.Thread.run(Thread.java:1583) ~[na:na]
	Suppressed: java.net.ConnectException: Failed to connect to localhost/127.0.0.1:4318
		... 7 common frames omitted
	Caused by: java.net.ConnectException: Connection refused
		at java.base/sun.nio.ch.Net.pollConnect(Native Method)
		at java.base/sun.nio.ch.Net.pollConnectNow(Net.java:682)
		at java.base/sun.nio.ch.NioSocketImpl.timedFinishConnect(NioSocketImpl.java:549)
		at java.base/sun.nio.ch.NioSocketImpl.connect(NioSocketImpl.java:592)
		at java.base/java.net.SocksSocketImpl.connect(SocksSocketImpl.java:327)
		at java.base/java.net.Socket.connect(Socket.java:751)
		at okhttp3.internal.platform.Platform.connectSocket(Platform.kt:148)
		at okhttp3.internal.connection.ConnectPlan.connectSocket(ConnectPlan.kt:273)
		... 6 common frames omitted
Caused by: java.net.ConnectException: Connection refused
	at java.base/sun.nio.ch.Net.pollConnect(Native Method) ~[na:na]
	at java.base/sun.nio.ch.Net.pollConnectNow(Net.java:682) ~[na:na]
	at java.base/sun.nio.ch.NioSocketImpl.timedFinishConnect(NioSocketImpl.java:549) ~[na:na]
	at java.base/sun.nio.ch.NioSocketImpl.connect(NioSocketImpl.java:592) ~[na:na]
	at java.base/java.net.SocksSocketImpl.connect(SocksSocketImpl.java:327) ~[na:na]
	at java.base/java.net.Socket.connect(Socket.java:751) ~[na:na]
	at okhttp3.internal.platform.Platform.connectSocket(Platform.kt:148) ~[okhttp-jvm-5.2.1.jar:na]
	at okhttp3.internal.connection.ConnectPlan.connectSocket(ConnectPlan.kt:273) ~[okhttp-jvm-5.2.1.jar:na]
	... 6 common frames omitted

2026-03-11T23:53:20.402+11:00 ERROR 56430 --- [notification-service] [alhost:4318/...] i.o.exporter.internal.http.HttpExporter  : Failed to export logs. The request could not be executed. Full error message: Failed to connect to localhost/[0:0:0:0:0:0:0:1]:4318

java.net.ConnectException: Failed to connect to localhost/[0:0:0:0:0:0:0:1]:4318
	at okhttp3.internal.connection.ConnectPlan.connectSocket(ConnectPlan.kt:275) ~[okhttp-jvm-5.2.1.jar:na]
	at okhttp3.internal.connection.ConnectPlan.connectTcp(ConnectPlan.kt:134) ~[okhttp-jvm-5.2.1.jar:na]
	at okhttp3.internal.connection.FastFallbackExchangeFinder$launchTcpConnect$1.runOnce(FastFallbackExchangeFinder.kt:141) ~[okhttp-jvm-5.2.1.jar:na]
	at okhttp3.internal.concurrent.TaskRunner$runnable$1.run(TaskRunner.kt:81) ~[okhttp-jvm-5.2.1.jar:na]
	at java.base/java.util.concurrent.ThreadPoolExecutor.runWorker(ThreadPoolExecutor.java:1144) ~[na:na]
	at java.base/java.util.concurrent.ThreadPoolExecutor$Worker.run(ThreadPoolExecutor.java:642) ~[na:na]
	at java.base/java.lang.Thread.run(Thread.java:1583) ~[na:na]
	Suppressed: java.net.ConnectException: Failed to connect to localhost/127.0.0.1:4318
		... 7 common frames omitted
	Caused by: java.net.ConnectException: Connection refused
		at java.base/sun.nio.ch.Net.pollConnect(Native Method)
		at java.base/sun.nio.ch.Net.pollConnectNow(Net.java:682)
		at java.base/sun.nio.ch.NioSocketImpl.timedFinishConnect(NioSocketImpl.java:549)
		at java.base/sun.nio.ch.NioSocketImpl.connect(NioSocketImpl.java:592)
		at java.base/java.net.SocksSocketImpl.connect(SocksSocketImpl.java:327)
		at java.base/java.net.Socket.connect(Socket.java:751)
		at okhttp3.internal.platform.Platform.connectSocket(Platform.kt:148)
		at okhttp3.internal.connection.ConnectPlan.connectSocket(ConnectPlan.kt:273)
		... 6 common frames omitted
Caused by: java.net.ConnectException: Connection refused
	at java.base/sun.nio.ch.Net.pollConnect(Native Method) ~[na:na]
	at java.base/sun.nio.ch.Net.pollConnectNow(Net.java:682) ~[na:na]
	at java.base/sun.nio.ch.NioSocketImpl.timedFinishConnect(NioSocketImpl.java:549) ~[na:na]
	at java.base/sun.nio.ch.NioSocketImpl.connect(NioSocketImpl.java:592) ~[na:na]
	at java.base/java.net.SocksSocketImpl.connect(SocksSocketImpl.java:327) ~[na:na]
	at java.base/java.net.Socket.connect(Socket.java:751) ~[na:na]
	at okhttp3.internal.platform.Platform.connectSocket(Platform.kt:148) ~[okhttp-jvm-5.2.1.jar:na]
	at okhttp3.internal.connection.ConnectPlan.connectSocket(ConnectPlan.kt:273) ~[okhttp-jvm-5.2.1.jar:na]
	... 6 common frames omitted

2026-03-11T23:54:12.301+11:00 ERROR 56430 --- [notification-service] [alhost:4318/...] i.o.exporter.internal.http.HttpExporter  : Failed to export metrics. The request could not be executed. Full error message: Failed to connect to localhost/[0:0:0:0:0:0:0:1]:4318

java.net.ConnectException: Failed to connect to localhost/[0:0:0:0:0:0:0:1]:4318
	at okhttp3.internal.connection.ConnectPlan.connectSocket(ConnectPlan.kt:275) ~[okhttp-jvm-5.2.1.jar:na]
	at okhttp3.internal.connection.ConnectPlan.connectTcp(ConnectPlan.kt:134) ~[okhttp-jvm-5.2.1.jar:na]
	at okhttp3.internal.connection.FastFallbackExchangeFinder$launchTcpConnect$1.runOnce(FastFallbackExchangeFinder.kt:141) ~[okhttp-jvm-5.2.1.jar:na]
	at okhttp3.internal.concurrent.TaskRunner$runnable$1.run(TaskRunner.kt:81) ~[okhttp-jvm-5.2.1.jar:na]
	at java.base/java.util.concurrent.ThreadPoolExecutor.runWorker(ThreadPoolExecutor.java:1144) ~[na:na]
	at java.base/java.util.concurrent.ThreadPoolExecutor$Worker.run(ThreadPoolExecutor.java:642) ~[na:na]
	at java.base/java.lang.Thread.run(Thread.java:1583) ~[na:na]
	Suppressed: java.net.ConnectException: Failed to connect to localhost/127.0.0.1:4318
		... 7 common frames omitted
	Caused by: java.net.ConnectException: Connection refused
		at java.base/sun.nio.ch.Net.pollConnect(Native Method)
		at java.base/sun.nio.ch.Net.pollConnectNow(Net.java:682)
		at java.base/sun.nio.ch.NioSocketImpl.timedFinishConnect(NioSocketImpl.java:549)
		at java.base/sun.nio.ch.NioSocketImpl.connect(NioSocketImpl.java:592)
		at java.base/java.net.SocksSocketImpl.connect(SocksSocketImpl.java:327)
		at java.base/java.net.Socket.connect(Socket.java:751)
		at okhttp3.internal.platform.Platform.connectSocket(Platform.kt:148)
		at okhttp3.internal.connection.ConnectPlan.connectSocket(ConnectPlan.kt:273)
		... 6 common frames omitted
Caused by: java.net.ConnectException: Connection refused
	at java.base/sun.nio.ch.Net.pollConnect(Native Method) ~[na:na]
	at java.base/sun.nio.ch.Net.pollConnectNow(Net.java:682) ~[na:na]
	at java.base/sun.nio.ch.NioSocketImpl.timedFinishConnect(NioSocketImpl.java:549) ~[na:na]
	at java.base/sun.nio.ch.NioSocketImpl.connect(NioSocketImpl.java:592) ~[na:na]
	at java.base/java.net.SocksSocketImpl.connect(SocksSocketImpl.java:327) ~[na:na]
	at java.base/java.net.Socket.connect(Socket.java:751) ~[na:na]
	at okhttp3.internal.platform.Platform.connectSocket(Platform.kt:148) ~[okhttp-jvm-5.2.1.jar:na]
	at okhttp3.internal.connection.ConnectPlan.connectSocket(ConnectPlan.kt:273) ~[okhttp-jvm-5.2.1.jar:na]
	... 6 common frames omitted

2026-03-11T23:54:20.730+11:00 ERROR 56430 --- [notification-service] [alhost:4318/...] i.o.exporter.internal.http.HttpExporter  : Failed to export logs. The request could not be executed. Full error message: Failed to connect to localhost/[0:0:0:0:0:0:0:1]:4318

java.net.ConnectException: Failed to connect to localhost/[0:0:0:0:0:0:0:1]:4318
	at okhttp3.internal.connection.ConnectPlan.connectSocket(ConnectPlan.kt:275) ~[okhttp-jvm-5.2.1.jar:na]
	at okhttp3.internal.connection.ConnectPlan.connectTcp(ConnectPlan.kt:134) ~[okhttp-jvm-5.2.1.jar:na]
	at okhttp3.internal.connection.FastFallbackExchangeFinder$launchTcpConnect$1.runOnce(FastFallbackExchangeFinder.kt:141) ~[okhttp-jvm-5.2.1.jar:na]
	at okhttp3.internal.concurrent.TaskRunner$runnable$1.run(TaskRunner.kt:81) ~[okhttp-jvm-5.2.1.jar:na]
	at java.base/java.util.concurrent.ThreadPoolExecutor.runWorker(ThreadPoolExecutor.java:1144) ~[na:na]
	at java.base/java.util.concurrent.ThreadPoolExecutor$Worker.run(ThreadPoolExecutor.java:642) ~[na:na]
	at java.base/java.lang.Thread.run(Thread.java:1583) ~[na:na]
	Suppressed: java.net.ConnectException: Failed to connect to localhost/127.0.0.1:4318
		... 7 common frames omitted
	Caused by: java.net.ConnectException: Connection refused
		at java.base/sun.nio.ch.Net.pollConnect(Native Method)
		at java.base/sun.nio.ch.Net.pollConnectNow(Net.java:682)
		at java.base/sun.nio.ch.NioSocketImpl.timedFinishConnect(NioSocketImpl.java:549)
		at java.base/sun.nio.ch.NioSocketImpl.connect(NioSocketImpl.java:592)
		at java.base/java.net.SocksSocketImpl.connect(SocksSocketImpl.java:327)
		at java.base/java.net.Socket.connect(Socket.java:751)
		at okhttp3.internal.platform.Platform.connectSocket(Platform.kt:148)
		at okhttp3.internal.connection.ConnectPlan.connectSocket(ConnectPlan.kt:273)
		... 6 common frames omitted
Caused by: java.net.ConnectException: Connection refused
	at java.base/sun.nio.ch.Net.pollConnect(Native Method) ~[na:na]
	at java.base/sun.nio.ch.Net.pollConnectNow(Net.java:682) ~[na:na]
	at java.base/sun.nio.ch.NioSocketImpl.timedFinishConnect(NioSocketImpl.java:549) ~[na:na]
	at java.base/sun.nio.ch.NioSocketImpl.connect(NioSocketImpl.java:592) ~[na:na]
	at java.base/java.net.SocksSocketImpl.connect(SocksSocketImpl.java:327) ~[na:na]
	at java.base/java.net.Socket.connect(Socket.java:751) ~[na:na]
	at okhttp3.internal.platform.Platform.connectSocket(Platform.kt:148) ~[okhttp-jvm-5.2.1.jar:na]
	at okhttp3.internal.connection.ConnectPlan.connectSocket(ConnectPlan.kt:273) ~[okhttp-jvm-5.2.1.jar:na]
	... 6 common frames omitted

2026-03-11T23:55:12.257+11:00 ERROR 56430 --- [notification-service] [alhost:4318/...] i.o.exporter.internal.http.HttpExporter  : Failed to export metrics. The request could not be executed. Full error message: Failed to connect to localhost/[0:0:0:0:0:0:0:1]:4318

java.net.ConnectException: Failed to connect to localhost/[0:0:0:0:0:0:0:1]:4318
	at okhttp3.internal.connection.ConnectPlan.connectSocket(ConnectPlan.kt:275) ~[okhttp-jvm-5.2.1.jar:na]
	at okhttp3.internal.connection.ConnectPlan.connectTcp(ConnectPlan.kt:134) ~[okhttp-jvm-5.2.1.jar:na]
	at okhttp3.internal.connection.FastFallbackExchangeFinder$launchTcpConnect$1.runOnce(FastFallbackExchangeFinder.kt:141) ~[okhttp-jvm-5.2.1.jar:na]
	at okhttp3.internal.concurrent.TaskRunner$runnable$1.run(TaskRunner.kt:81) ~[okhttp-jvm-5.2.1.jar:na]
	at java.base/java.util.concurrent.ThreadPoolExecutor.runWorker(ThreadPoolExecutor.java:1144) ~[na:na]
	at java.base/java.util.concurrent.ThreadPoolExecutor$Worker.run(ThreadPoolExecutor.java:642) ~[na:na]
	at java.base/java.lang.Thread.run(Thread.java:1583) ~[na:na]
	Suppressed: java.net.ConnectException: Failed to connect to localhost/127.0.0.1:4318
		... 7 common frames omitted
	Caused by: java.net.ConnectException: Connection refused
		at java.base/sun.nio.ch.Net.pollConnect(Native Method)
		at java.base/sun.nio.ch.Net.pollConnectNow(Net.java:682)
		at java.base/sun.nio.ch.NioSocketImpl.timedFinishConnect(NioSocketImpl.java:549)
		at java.base/sun.nio.ch.NioSocketImpl.connect(NioSocketImpl.java:592)
		at java.base/java.net.SocksSocketImpl.connect(SocksSocketImpl.java:327)
		at java.base/java.net.Socket.connect(Socket.java:751)
		at okhttp3.internal.platform.Platform.connectSocket(Platform.kt:148)
		at okhttp3.internal.connection.ConnectPlan.connectSocket(ConnectPlan.kt:273)
		... 6 common frames omitted
Caused by: java.net.ConnectException: Connection refused
	at java.base/sun.nio.ch.Net.pollConnect(Native Method) ~[na:na]
	at java.base/sun.nio.ch.Net.pollConnectNow(Net.java:682) ~[na:na]
	at java.base/sun.nio.ch.NioSocketImpl.timedFinishConnect(NioSocketImpl.java:549) ~[na:na]
	at java.base/sun.nio.ch.NioSocketImpl.connect(NioSocketImpl.java:592) ~[na:na]
	at java.base/java.net.SocksSocketImpl.connect(SocksSocketImpl.java:327) ~[na:na]
	at java.base/java.net.Socket.connect(Socket.java:751) ~[na:na]
	at okhttp3.internal.platform.Platform.connectSocket(Platform.kt:148) ~[okhttp-jvm-5.2.1.jar:na]
	at okhttp3.internal.connection.ConnectPlan.connectSocket(ConnectPlan.kt:273) ~[okhttp-jvm-5.2.1.jar:na]
	... 6 common frames omitted

2026-03-11T23:56:11.291+11:00 ERROR 56430 --- [notification-service] [alhost:4318/...] i.o.exporter.internal.http.HttpExporter  : Failed to export metrics. The request could not be executed. Full error message: Failed to connect to localhost/[0:0:0:0:0:0:0:1]:4318

java.net.ConnectException: Failed to connect to localhost/[0:0:0:0:0:0:0:1]:4318
	at okhttp3.internal.connection.ConnectPlan.connectSocket(ConnectPlan.kt:275) ~[okhttp-jvm-5.2.1.jar:na]
	at okhttp3.internal.connection.ConnectPlan.connectTcp(ConnectPlan.kt:134) ~[okhttp-jvm-5.2.1.jar:na]
	at okhttp3.internal.connection.FastFallbackExchangeFinder$launchTcpConnect$1.runOnce(FastFallbackExchangeFinder.kt:141) ~[okhttp-jvm-5.2.1.jar:na]
	at okhttp3.internal.concurrent.TaskRunner$runnable$1.run(TaskRunner.kt:81) ~[okhttp-jvm-5.2.1.jar:na]
	at java.base/java.util.concurrent.ThreadPoolExecutor.runWorker(ThreadPoolExecutor.java:1144) ~[na:na]
	at java.base/java.util.concurrent.ThreadPoolExecutor$Worker.run(ThreadPoolExecutor.java:642) ~[na:na]
	at java.base/java.lang.Thread.run(Thread.java:1583) ~[na:na]
	Suppressed: java.net.ConnectException: Failed to connect to localhost/127.0.0.1:4318
		... 7 common frames omitted
	Caused by: java.net.ConnectException: Connection refused
		at java.base/sun.nio.ch.Net.pollConnect(Native Method)
		at java.base/sun.nio.ch.Net.pollConnectNow(Net.java:682)
		at java.base/sun.nio.ch.NioSocketImpl.timedFinishConnect(NioSocketImpl.java:549)
		at java.base/sun.nio.ch.NioSocketImpl.connect(NioSocketImpl.java:592)
		at java.base/java.net.SocksSocketImpl.connect(SocksSocketImpl.java:327)
		at java.base/java.net.Socket.connect(Socket.java:751)
		at okhttp3.internal.platform.Platform.connectSocket(Platform.kt:148)
		at okhttp3.internal.connection.ConnectPlan.connectSocket(ConnectPlan.kt:273)
		... 6 common frames omitted
Caused by: java.net.ConnectException: Connection refused
	at java.base/sun.nio.ch.Net.pollConnect(Native Method) ~[na:na]
	at java.base/sun.nio.ch.Net.pollConnectNow(Net.java:682) ~[na:na]
	at java.base/sun.nio.ch.NioSocketImpl.timedFinishConnect(NioSocketImpl.java:542) ~[na:na]
	at java.base/sun.nio.ch.NioSocketImpl.connect(NioSocketImpl.java:592) ~[na:na]
	at java.base/java.net.SocksSocketImpl.connect(SocksSocketImpl.java:327) ~[na:na]
	at java.base/java.net.Socket.connect(Socket.java:751) ~[na:na]
	at okhttp3.internal.platform.Platform.connectSocket(Platform.kt:148) ~[okhttp-jvm-5.2.1.jar:na]
	at okhttp3.internal.connection.ConnectPlan.connectSocket(ConnectPlan.kt:273) ~[okhttp-jvm-5.2.1.jar:na]
	... 6 common frames omitted

2026-03-11T23:56:19.595+11:00 ERROR 56430 --- [notification-service] [alhost:4318/...] i.o.exporter.internal.http.HttpExporter  : Failed to export logs. The request could not be executed. Full error message: Failed to connect to localhost/[0:0:0:0:0:0:0:1]:4318

java.net.ConnectException: Failed to connect to localhost/[0:0:0:0:0:0:0:1]:4318
	at okhttp3.internal.connection.ConnectPlan.connectSocket(ConnectPlan.kt:275) ~[okhttp-jvm-5.2.1.jar:na]
	at okhttp3.internal.connection.ConnectPlan.connectTcp(ConnectPlan.kt:134) ~[okhttp-jvm-5.2.1.jar:na]
	at okhttp3.internal.connection.FastFallbackExchangeFinder$launchTcpConnect$1.runOnce(FastFallbackExchangeFinder.kt:141) ~[okhttp-jvm-5.2.1.jar:na]
	at okhttp3.internal.concurrent.TaskRunner$runnable$1.run(TaskRunner.kt:81) ~[okhttp-jvm-5.2.1.jar:na]
	at java.base/java.util.concurrent.ThreadPoolExecutor.runWorker(ThreadPoolExecutor.java:1144) ~[na:na]
	at java.base/java.util.concurrent.ThreadPoolExecutor$Worker.run(ThreadPoolExecutor.java:642) ~[na:na]
	at java.base/java.lang.Thread.run(Thread.java:1583) ~[na:na]
	Suppressed: java.net.ConnectException: Failed to connect to localhost/127.0.0.1:4318
		... 7 common frames omitted
	Caused by: java.net.ConnectException: Connection refused
		at java.base/sun.nio.ch.Net.pollConnect(Native Method)
		at java.base/sun.nio.ch.Net.pollConnectNow(Net.java:682)
		at java.base/sun.nio.ch.NioSocketImpl.timedFinishConnect(NioSocketImpl.java:549)
		at java.base/sun.nio.ch.NioSocketImpl.connect(NioSocketImpl.java:592)
		at java.base/java.net.SocksSocketImpl.connect(SocksSocketImpl.java:327)
		at java.base/java.net.Socket.connect(Socket.java:751)
		at okhttp3.internal.platform.Platform.connectSocket(Platform.kt:148)
		at okhttp3.internal.connection.ConnectPlan.connectSocket(ConnectPlan.kt:273)
		... 6 common frames omitted
Caused by: java.net.ConnectException: Connection refused
	at java.base/sun.nio.ch.Net.pollConnect(Native Method) ~[na:na]
	at java.base/sun.nio.ch.Net.pollConnectNow(Net.java:682) ~[na:na]
	at java.base/sun.nio.ch.NioSocketImpl.timedFinishConnect(NioSocketImpl.java:549) ~[na:na]
	at java.base/sun.nio.ch.NioSocketImpl.connect(NioSocketImpl.java:592) ~[na:na]
	at java.base/java.net.SocksSocketImpl.connect(SocksSocketImpl.java:327) ~[na:na]
	at java.base/java.net.Socket.connect(Socket.java:751) ~[na:na]
	at okhttp3.internal.platform.Platform.connectSocket(Platform.kt:148) ~[okhttp-jvm-5.2.1.jar:na]
	at okhttp3.internal.connection.ConnectPlan.connectSocket(ConnectPlan.kt:273) ~[okhttp-jvm-5.2.1.jar:na]
	... 6 common frames omitted

2026-03-11T23:57:12.367+11:00 ERROR 56430 --- [notification-service] [alhost:4318/...] i.o.exporter.internal.http.HttpExporter  : Failed to export metrics. The request could not be executed. Full error message: Failed to connect to localhost/[0:0:0:0:0:0:0:1]:4318

java.net.ConnectException: Failed to connect to localhost/[0:0:0:0:0:0:0:1]:4318
	at okhttp3.internal.connection.ConnectPlan.connectSocket(ConnectPlan.kt:275) ~[okhttp-jvm-5.2.1.jar:na]
	at okhttp3.internal.connection.ConnectPlan.connectTcp(ConnectPlan.kt:134) ~[okhttp-jvm-5.2.1.jar:na]
	at okhttp3.internal.connection.FastFallbackExchangeFinder$launchTcpConnect$1.runOnce(FastFallbackExchangeFinder.kt:141) ~[okhttp-jvm-5.2.1.jar:na]
	at okhttp3.internal.concurrent.TaskRunner$runnable$1.run(TaskRunner.kt:81) ~[okhttp-jvm-5.2.1.jar:na]
	at java.base/java.util.concurrent.ThreadPoolExecutor.runWorker(ThreadPoolExecutor.java:1144) ~[na:na]
	at java.base/java.util.concurrent.ThreadPoolExecutor$Worker.run(ThreadPoolExecutor.java:642) ~[na:na]
	at java.base/java.lang.Thread.run(Thread.java:1583) ~[na:na]
	Suppressed: java.net.ConnectException: Failed to connect to localhost/127.0.0.1:4318
		... 7 common frames omitted
	Caused by: java.net.ConnectException: Connection refused
		at java.base/sun.nio.ch.Net.pollConnect(Native Method)
		at java.base/sun.nio.ch.Net.pollConnectNow(Net.java:682)
		at java.base/sun.nio.ch.NioSocketImpl.timedFinishConnect(NioSocketImpl.java:549)
		at java.base/sun.nio.ch.NioSocketImpl.connect(NioSocketImpl.java:592)
		at java.base/java.net.SocksSocketImpl.connect(SocksSocketImpl.java:327)
		at java.base/java.net.Socket.connect(Socket.java:751)
		at okhttp3.internal.platform.Platform.connectSocket(Platform.kt:148)
		at okhttp3.internal.connection.ConnectPlan.connectSocket(ConnectPlan.kt:273)
		... 6 common frames omitted
Caused by: java.net.ConnectException: Connection refused
	at java.base/sun.nio.ch.Net.pollConnect(Native Method) ~[na:na]
	at java.base/sun.nio.ch.Net.pollConnectNow(Net.java:682) ~[na:na]
	at java.base/sun.nio.ch.NioSocketImpl.timedFinishConnect(NioSocketImpl.java:549) ~[na:na]
	at java.base/sun.nio.ch.NioSocketImpl.connect(NioSocketImpl.java:592) ~[na:na]
	at java.base/java.net.SocksSocketImpl.connect(SocksSocketImpl.java:327) ~[na:na]
	at java.base/java.net.Socket.connect(Socket.java:751) ~[na:na]
	at okhttp3.internal.platform.Platform.connectSocket(Platform.kt:148) ~[okhttp-jvm-5.2.1.jar:na]
	at okhttp3.internal.connection.ConnectPlan.connectSocket(ConnectPlan.kt:273) ~[okhttp-jvm-5.2.1.jar:na]
	... 6 common frames omitted

2026-03-11T23:57:20.755+11:00 ERROR 56430 --- [notification-service] [alhost:4318/...] i.o.exporter.internal.http.HttpExporter  : Failed to export logs. The request could not be executed. Full error message: Failed to connect to localhost/[0:0:0:0:0:0:0:1]:4318

java.net.ConnectException: Failed to connect to localhost/[0:0:0:0:0:0:0:1]:4318
	at okhttp3.internal.connection.ConnectPlan.connectSocket(ConnectPlan.kt:275) ~[okhttp-jvm-5.2.1.jar:na]
	at okhttp3.internal.connection.ConnectPlan.connectTcp(ConnectPlan.kt:134) ~[okhttp-jvm-5.2.1.jar:na]
	at okhttp3.internal.connection.FastFallbackExchangeFinder$launchTcpConnect$1.runOnce(FastFallbackExchangeFinder.kt:141) ~[okhttp-jvm-5.2.1.jar:na]
	at okhttp3.internal.concurrent.TaskRunner$runnable$1.run(TaskRunner.kt:81) ~[okhttp-jvm-5.2.1.jar:na]
	at java.base/java.util.concurrent.ThreadPoolExecutor.runWorker(ThreadPoolExecutor.java:1144) ~[na:na]
	at java.base/java.util.concurrent.ThreadPoolExecutor$Worker.run(ThreadPoolExecutor.java:642) ~[na:na]
	at java.base/java.lang.Thread.run(Thread.java:1583) ~[na:na]
	Suppressed: java.net.ConnectException: Failed to connect to localhost/127.0.0.1:4318
		... 7 common frames omitted
	Caused by: java.net.ConnectException: Connection refused
		at java.base/sun.nio.ch.Net.pollConnect(Native Method)
		at java.base/sun.nio.ch.Net.pollConnectNow(Net.java:682)
		at java.base/sun.nio.ch.NioSocketImpl.timedFinishConnect(NioSocketImpl.java:542)
		at java.base/sun.nio.ch.NioSocketImpl.connect(NioSocketImpl.java:592)
		at java.base/java.net.SocksSocketImpl.connect(SocksSocketImpl.java:327)
		at java.base/java.net.Socket.connect(Socket.java:751)
		at okhttp3.internal.platform.Platform.connectSocket(Platform.kt:148)
		at okhttp3.internal.connection.ConnectPlan.connectSocket(ConnectPlan.kt:273)
		... 6 common frames omitted
Caused by: java.net.ConnectException: Connection refused
	at java.base/sun.nio.ch.Net.pollConnect(Native Method) ~[na:na]
	at java.base/sun.nio.ch.Net.pollConnectNow(Net.java:682) ~[na:na]
	at java.base/sun.nio.ch.NioSocketImpl.timedFinishConnect(NioSocketImpl.java:542) ~[na:na]
	at java.base/sun.nio.ch.NioSocketImpl.connect(NioSocketImpl.java:592) ~[na:na]
	at java.base/java.net.SocksSocketImpl.connect(SocksSocketImpl.java:327) ~[na:na]
	at java.base/java.net.Socket.connect(Socket.java:751) ~[na:na]
	at okhttp3.internal.platform.Platform.connectSocket(Platform.kt:148) ~[okhttp-jvm-5.2.1.jar:na]
	at okhttp3.internal.connection.ConnectPlan.connectSocket(ConnectPlan.kt:273) ~[okhttp-jvm-5.2.1.jar:na]
	... 6 common frames omitted

2026-03-11T23:58:12.338+11:00 ERROR 56430 --- [notification-service] [alhost:4318/...] i.o.exporter.internal.http.HttpExporter  : Failed to export metrics. The request could not be executed. Full error message: Failed to connect to localhost/[0:0:0:0:0:0:0:1]:4318

java.net.ConnectException: Failed to connect to localhost/[0:0:0:0:0:0:0:1]:4318
	at okhttp3.internal.connection.ConnectPlan.connectSocket(ConnectPlan.kt:275) ~[okhttp-jvm-5.2.1.jar:na]
	at okhttp3.internal.connection.ConnectPlan.connectTcp(ConnectPlan.kt:134) ~[okhttp-jvm-5.2.1.jar:na]
	at okhttp3.internal.connection.FastFallbackExchangeFinder$launchTcpConnect$1.runOnce(FastFallbackExchangeFinder.kt:141) ~[okhttp-jvm-5.2.1.jar:na]
	at okhttp3.internal.concurrent.TaskRunner$runnable$1.run(TaskRunner.kt:81) ~[okhttp-jvm-5.2.1.jar:na]
	at java.base/java.util.concurrent.ThreadPoolExecutor.runWorker(ThreadPoolExecutor.java:1144) ~[na:na]
	at java.base/java.util.concurrent.ThreadPoolExecutor$Worker.run(ThreadPoolExecutor.java:642) ~[na:na]
	at java.base/java.lang.Thread.run(Thread.java:1583) ~[na:na]
	Suppressed: java.net.ConnectException: Failed to connect to localhost/127.0.0.1:4318
		... 7 common frames omitted
	Caused by: java.net.ConnectException: Connection refused
		at java.base/sun.nio.ch.Net.pollConnect(Native Method)
		at java.base/sun.nio.ch.Net.pollConnectNow(Net.java:682)
		at java.base/sun.nio.ch.NioSocketImpl.timedFinishConnect(NioSocketImpl.java:549)
		at java.base/sun.nio.ch.NioSocketImpl.connect(NioSocketImpl.java:592)
		at java.base/java.net.SocksSocketImpl.connect(SocksSocketImpl.java:327)
		at java.base/java.net.Socket.connect(Socket.java:751)
		at okhttp3.internal.platform.Platform.connectSocket(Platform.kt:148)
		at okhttp3.internal.connection.ConnectPlan.connectSocket(ConnectPlan.kt:273)
		... 6 common frames omitted
Caused by: java.net.ConnectException: Connection refused
	at java.base/sun.nio.ch.Net.pollConnect(Native Method) ~[na:na]
	at java.base/sun.nio.ch.Net.pollConnectNow(Net.java:682) ~[na:na]
	at java.base/sun.nio.ch.NioSocketImpl.timedFinishConnect(NioSocketImpl.java:542) ~[na:na]
	at java.base/sun.nio.ch.NioSocketImpl.connect(NioSocketImpl.java:592) ~[na:na]
	at java.base/java.net.SocksSocketImpl.connect(SocksSocketImpl.java:327) ~[na:na]
	at java.base/java.net.Socket.connect(Socket.java:751) ~[na:na]
	at okhttp3.internal.platform.Platform.connectSocket(Platform.kt:148) ~[okhttp-jvm-5.2.1.jar:na]
	at okhttp3.internal.connection.ConnectPlan.connectSocket(ConnectPlan.kt:273) ~[okhttp-jvm-5.2.1.jar:na]
	... 6 common frames omitted

2026-03-11T23:58:21.020+11:00 ERROR 56430 --- [notification-service] [alhost:4318/...] i.o.exporter.internal.http.HttpExporter  : Failed to export logs. The request could not be executed. Full error message: Failed to connect to localhost/[0:0:0:0:0:0:0:1]:4318

java.net.ConnectException: Failed to connect to localhost/[0:0:0:0:0:0:0:1]:4318
	at okhttp3.internal.connection.ConnectPlan.connectSocket(ConnectPlan.kt:275) ~[okhttp-jvm-5.2.1.jar:na]
	at okhttp3.internal.connection.ConnectPlan.connectTcp(ConnectPlan.kt:134) ~[okhttp-jvm-5.2.1.jar:na]
	at okhttp3.internal.connection.FastFallbackExchangeFinder$launchTcpConnect$1.runOnce(FastFallbackExchangeFinder.kt:141) ~[okhttp-jvm-5.2.1.jar:na]
	at okhttp3.internal.concurrent.TaskRunner$runnable$1.run(TaskRunner.kt:81) ~[okhttp-jvm-5.2.1.jar:na]
	at java.base/java.util.concurrent.ThreadPoolExecutor.runWorker(ThreadPoolExecutor.java:1144) ~[na:na]
	at java.base/java.util.concurrent.ThreadPoolExecutor$Worker.run(ThreadPoolExecutor.java:642) ~[na:na]
	at java.base/java.lang.Thread.run(Thread.java:1583) ~[na:na]
	Suppressed: java.net.ConnectException: Failed to connect to localhost/127.0.0.1:4318
		... 7 common frames omitted
	Caused by: java.net.ConnectException: Connection refused
		at java.base/sun.nio.ch.Net.pollConnect(Native Method)
		at java.base/sun.nio.ch.Net.pollConnectNow(Net.java:682)
		at java.base/sun.nio.ch.NioSocketImpl.timedFinishConnect(NioSocketImpl.java:549)
		at java.base/sun.nio.ch.NioSocketImpl.connect(NioSocketImpl.java:592)
		at java.base/java.net.SocksSocketImpl.connect(SocksSocketImpl.java:327)
		at java.base/java.net.Socket.connect(Socket.java:751)
		at okhttp3.internal.platform.Platform.connectSocket(Platform.kt:148)
		at okhttp3.internal.connection.ConnectPlan.connectSocket(ConnectPlan.kt:273)
		... 6 common frames omitted
Caused by: java.net.ConnectException: Connection refused
	at java.base/sun.nio.ch.Net.pollConnect(Native Method) ~[na:na]
	at java.base/sun.nio.ch.Net.pollConnectNow(Net.java:682) ~[na:na]
	at java.base/sun.nio.ch.NioSocketImpl.timedFinishConnect(NioSocketImpl.java:542) ~[na:na]
	at java.base/sun.nio.ch.NioSocketImpl.connect(NioSocketImpl.java:592) ~[na:na]
	at java.base/java.net.SocksSocketImpl.connect(SocksSocketImpl.java:327) ~[na:na]
	at java.base/java.net.Socket.connect(Socket.java:751) ~[na:na]
	at okhttp3.internal.platform.Platform.connectSocket(Platform.kt:148) ~[okhttp-jvm-5.2.1.jar:na]
	at okhttp3.internal.connection.ConnectPlan.connectSocket(ConnectPlan.kt:273) ~[okhttp-jvm-5.2.1.jar:na]
	... 6 common frames omitted

2026-03-11T23:59:12.457+11:00 ERROR 56430 --- [notification-service] [alhost:4318/...] i.o.exporter.internal.http.HttpExporter  : Failed to export metrics. The request could not be executed. Full error message: Failed to connect to localhost/[0:0:0:0:0:0:0:1]:4318

java.net.ConnectException: Failed to connect to localhost/[0:0:0:0:0:0:0:1]:4318
	at okhttp3.internal.connection.ConnectPlan.connectSocket(ConnectPlan.kt:275) ~[okhttp-jvm-5.2.1.jar:na]
	at okhttp3.internal.connection.ConnectPlan.connectTcp(ConnectPlan.kt:134) ~[okhttp-jvm-5.2.1.jar:na]
	at okhttp3.internal.connection.FastFallbackExchangeFinder$launchTcpConnect$1.runOnce(FastFallbackExchangeFinder.kt:141) ~[okhttp-jvm-5.2.1.jar:na]
	at okhttp3.internal.concurrent.TaskRunner$runnable$1.run(TaskRunner.kt:81) ~[okhttp-jvm-5.2.1.jar:na]
	at java.base/java.util.concurrent.ThreadPoolExecutor.runWorker(ThreadPoolExecutor.java:1144) ~[na:na]
	at java.base/java.util.concurrent.ThreadPoolExecutor$Worker.run(ThreadPoolExecutor.java:642) ~[na:na]
	at java.base/java.lang.Thread.run(Thread.java:1583) ~[na:na]
	Suppressed: java.net.ConnectException: Failed to connect to localhost/127.0.0.1:4318
		... 7 common frames omitted
	Caused by: java.net.ConnectException: Connection refused
		at java.base/sun.nio.ch.Net.pollConnect(Native Method)
		at java.base/sun.nio.ch.Net.pollConnectNow(Net.java:682)
		at java.base/sun.nio.ch.NioSocketImpl.timedFinishConnect(NioSocketImpl.java:549)
		at java.base/sun.nio.ch.NioSocketImpl.connect(NioSocketImpl.java:592)
		at java.base/java.net.SocksSocketImpl.connect(SocksSocketImpl.java:327)
		at java.base/java.net.Socket.connect(Socket.java:751)
		at okhttp3.internal.platform.Platform.connectSocket(Platform.kt:148)
		at okhttp3.internal.connection.ConnectPlan.connectSocket(ConnectPlan.kt:273)
		... 6 common frames omitted
Caused by: java.net.ConnectException: Connection refused
	at java.base/sun.nio.ch.Net.pollConnect(Native Method) ~[na:na]
	at java.base/sun.nio.ch.Net.pollConnectNow(Net.java:682) ~[na:na]
	at java.base/sun.nio.ch.NioSocketImpl.timedFinishConnect(NioSocketImpl.java:542) ~[na:na]
	at java.base/sun.nio.ch.NioSocketImpl.connect(NioSocketImpl.java:592) ~[na:na]
	at java.base/java.net.SocksSocketImpl.connect(SocksSocketImpl.java:327) ~[na:na]
	at java.base/java.net.Socket.connect(Socket.java:751) ~[na:na]
	at okhttp3.internal.platform.Platform.connectSocket(Platform.kt:148) ~[okhttp-jvm-5.2.1.jar:na]
	at okhttp3.internal.connection.ConnectPlan.connectSocket(ConnectPlan.kt:273) ~[okhttp-jvm-5.2.1.jar:na]
	... 6 common frames omitted

2026-03-11T23:59:21.124+11:00 ERROR 56430 --- [notification-service] [alhost:4318/...] i.o.exporter.internal.http.HttpExporter  : Failed to export logs. The request could not be executed. Full error message: Failed to connect to localhost/[0:0:0:0:0:0:0:1]:4318

java.net.ConnectException: Failed to connect to localhost/[0:0:0:0:0:0:0:1]:4318
	at okhttp3.internal.connection.ConnectPlan.connectSocket(ConnectPlan.kt:275) ~[okhttp-jvm-5.2.1.jar:na]
	at okhttp3.internal.connection.ConnectPlan.connectTcp(ConnectPlan.kt:134) ~[okhttp-jvm-5.2.1.jar:na]
	at okhttp3.internal.connection.FastFallbackExchangeFinder$launchTcpConnect$1.runOnce(FastFallbackExchangeFinder.kt:141) ~[okhttp-jvm-5.2.1.jar:na]
	at okhttp3.internal.concurrent.TaskRunner$runnable$1.run(TaskRunner.kt:81) ~[okhttp-jvm-5.2.1.jar:na]
	at java.base/java.util.concurrent.ThreadPoolExecutor.runWorker(ThreadPoolExecutor.java:1144) ~[na:na]
	at java.base/java.util.concurrent.ThreadPoolExecutor$Worker.run(ThreadPoolExecutor.java:642) ~[na:na]
	at java.base/java.lang.Thread.run(Thread.java:1583) ~[na:na]
	Suppressed: java.net.ConnectException: Failed to connect to localhost/127.0.0.1:4318
		... 7 common frames omitted
	Caused by: java.net.ConnectException: Connection refused
		at java.base/sun.nio.ch.Net.pollConnect(Native Method)
		at java.base/sun.nio.ch.Net.pollConnectNow(Net.java:682)
		at java.base/sun.nio.ch.NioSocketImpl.timedFinishConnect(NioSocketImpl.java:549)
		at java.base/sun.nio.ch.NioSocketImpl.connect(NioSocketImpl.java:592)
		at java.base/java.net.SocksSocketImpl.connect(SocksSocketImpl.java:327)
		at java.base/java.net.Socket.connect(Socket.java:751)
		at okhttp3.internal.platform.Platform.connectSocket(Platform.kt:148)
		at okhttp3.internal.connection.ConnectPlan.connectSocket(ConnectPlan.kt:273)
		... 6 common frames omitted
Caused by: java.net.ConnectException: Connection refused
	at java.base/sun.nio.ch.Net.pollConnect(Native Method) ~[na:na]
	at java.base/sun.nio.ch.Net.pollConnectNow(Net.java:682) ~[na:na]
	at java.base/sun.nio.ch.NioSocketImpl.timedFinishConnect(NioSocketImpl.java:542) ~[na:na]
	at java.base/sun.nio.ch.NioSocketImpl.connect(NioSocketImpl.java:592) ~[na:na]
	at java.base/java.net.SocksSocketImpl.connect(SocksSocketImpl.java:327) ~[na:na]
	at java.base/java.net.Socket.connect(Socket.java:751) ~[na:na]
	at okhttp3.internal.platform.Platform.connectSocket(Platform.kt:148) ~[okhttp-jvm-5.2.1.jar:na]
	at okhttp3.internal.connection.ConnectPlan.connectSocket(ConnectPlan.kt:273) ~[okhttp-jvm-5.2.1.jar:na]
	... 6 common frames omitted

2026-03-12T00:00:12.841+11:00 ERROR 56430 --- [notification-service] [alhost:4318/...] i.o.exporter.internal.http.HttpExporter  : Failed to export metrics. The request could not be executed. Full error message: Failed to connect to localhost/[0:0:0:0:0:0:0:1]:4318

java.net.ConnectException: Failed to connect to localhost/[0:0:0:0:0:0:0:1]:4318
	at okhttp3.internal.connection.ConnectPlan.connectSocket(ConnectPlan.kt:275) ~[okhttp-jvm-5.2.1.jar:na]
	at okhttp3.internal.connection.ConnectPlan.connectTcp(ConnectPlan.kt:134) ~[okhttp-jvm-5.2.1.jar:na]
	at okhttp3.internal.connection.FastFallbackExchangeFinder$launchTcpConnect$1.runOnce(FastFallbackExchangeFinder.kt:141) ~[okhttp-jvm-5.2.1.jar:na]
	at okhttp3.internal.concurrent.TaskRunner$runnable$1.run(TaskRunner.kt:81) ~[okhttp-jvm-5.2.1.jar:na]
	at java.base/java.util.concurrent.ThreadPoolExecutor.runWorker(ThreadPoolExecutor.java:1144) ~[na:na]
	at java.base/java.util.concurrent.ThreadPoolExecutor$Worker.run(ThreadPoolExecutor.java:642) ~[na:na]
	at java.base/java.lang.Thread.run(Thread.java:1583) ~[na:na]
	Suppressed: java.net.ConnectException: Failed to connect to localhost/127.0.0.1:4318
		... 7 common frames omitted
	Caused by: java.net.ConnectException: Connection refused
		at java.base/sun.nio.ch.Net.pollConnect(Native Method)
		at java.base/sun.nio.ch.Net.pollConnectNow(Net.java:682)
		at java.base/sun.nio.ch.NioSocketImpl.timedFinishConnect(NioSocketImpl.java:549)
		at java.base/sun.nio.ch.NioSocketImpl.connect(NioSocketImpl.java:592)
		at java.base/java.net.SocksSocketImpl.connect(SocksSocketImpl.java:327)
		at java.base/java.net.Socket.connect(Socket.java:751)
		at okhttp3.internal.platform.Platform.connectSocket(Platform.kt:148)
		at okhttp3.internal.connection.ConnectPlan.connectSocket(ConnectPlan.kt:273)
		... 6 common frames omitted
Caused by: java.net.ConnectException: Connection refused
	at java.base/sun.nio.ch.Net.pollConnect(Native Method) ~[na:na]
	at java.base/sun.nio.ch.Net.pollConnectNow(Net.java:682) ~[na:na]
	at java.base/sun.nio.ch.NioSocketImpl.timedFinishConnect(NioSocketImpl.java:549) ~[na:na]
	at java.base/sun.nio.ch.NioSocketImpl.connect(NioSocketImpl.java:592) ~[na:na]
	at java.base/java.net.SocksSocketImpl.connect(SocksSocketImpl.java:327) ~[na:na]
	at java.base/java.net.Socket.connect(Socket.java:751) ~[na:na]
	at okhttp3.internal.platform.Platform.connectSocket(Platform.kt:148) ~[okhttp-jvm-5.2.1.jar:na]
	at okhttp3.internal.connection.ConnectPlan.connectSocket(ConnectPlan.kt:273) ~[okhttp-jvm-5.2.1.jar:na]
	... 6 common frames omitted

2026-03-12T00:00:21.654+11:00 ERROR 56430 --- [notification-service] [alhost:4318/...] i.o.exporter.internal.http.HttpExporter  : Failed to export logs. The request could not be executed. Full error message: Failed to connect to localhost/[0:0:0:0:0:0:0:1]:4318

java.net.ConnectException: Failed to connect to localhost/[0:0:0:0:0:0:0:1]:4318
	at okhttp3.internal.connection.ConnectPlan.connectSocket(ConnectPlan.kt:275) ~[okhttp-jvm-5.2.1.jar:na]
	at okhttp3.internal.connection.ConnectPlan.connectTcp(ConnectPlan.kt:134) ~[okhttp-jvm-5.2.1.jar:na]
	at okhttp3.internal.connection.FastFallbackExchangeFinder$launchTcpConnect$1.runOnce(FastFallbackExchangeFinder.kt:141) ~[okhttp-jvm-5.2.1.jar:na]
	at okhttp3.internal.concurrent.TaskRunner$runnable$1.run(TaskRunner.kt:81) ~[okhttp-jvm-5.2.1.jar:na]
	at java.base/java.util.concurrent.ThreadPoolExecutor.runWorker(ThreadPoolExecutor.java:1144) ~[na:na]
	at java.base/java.util.concurrent.ThreadPoolExecutor$Worker.run(ThreadPoolExecutor.java:642) ~[na:na]
	at java.base/java.lang.Thread.run(Thread.java:1583) ~[na:na]
	Suppressed: java.net.ConnectException: Failed to connect to localhost/127.0.0.1:4318
		... 7 common frames omitted
	Caused by: java.net.ConnectException: Connection refused
		at java.base/sun.nio.ch.Net.pollConnect(Native Method)
		at java.base/sun.nio.ch.Net.pollConnectNow(Net.java:682)
		at java.base/sun.nio.ch.NioSocketImpl.timedFinishConnect(NioSocketImpl.java:549)
		at java.base/sun.nio.ch.NioSocketImpl.connect(NioSocketImpl.java:592)
		at java.base/java.net.SocksSocketImpl.connect(SocksSocketImpl.java:327)
		at java.base/java.net.Socket.connect(Socket.java:751)
		at okhttp3.internal.platform.Platform.connectSocket(Platform.kt:148)
		at okhttp3.internal.connection.ConnectPlan.connectSocket(ConnectPlan.kt:273)
		... 6 common frames omitted
Caused by: java.net.ConnectException: Connection refused
	at java.base/sun.nio.ch.Net.pollConnect(Native Method) ~[na:na]
	at java.base/sun.nio.ch.Net.pollConnectNow(Net.java:682) ~[na:na]
	at java.base/sun.nio.ch.NioSocketImpl.timedFinishConnect(NioSocketImpl.java:549) ~[na:na]
	at java.base/sun.nio.ch.NioSocketImpl.connect(NioSocketImpl.java:592) ~[na:na]
	at java.base/java.net.SocksSocketImpl.connect(SocksSocketImpl.java:327) ~[na:na]
	at java.base/java.net.Socket.connect(Socket.java:751) ~[na:na]
	at okhttp3.internal.platform.Platform.connectSocket(Platform.kt:148) ~[okhttp-jvm-5.2.1.jar:na]
	at okhttp3.internal.connection.ConnectPlan.connectSocket(ConnectPlan.kt:273) ~[okhttp-jvm-5.2.1.jar:na]
	... 6 common frames omitted

2026-03-12T00:01:11.456+11:00 ERROR 56430 --- [notification-service] [alhost:4318/...] i.o.exporter.internal.http.HttpExporter  : Failed to export metrics. The request could not be executed. Full error message: Failed to connect to localhost/[0:0:0:0:0:0:0:1]:4318

java.net.ConnectException: Failed to connect to localhost/[0:0:0:0:0:0:0:1]:4318
	at okhttp3.internal.connection.ConnectPlan.connectSocket(ConnectPlan.kt:275) ~[okhttp-jvm-5.2.1.jar:na]
	at okhttp3.internal.connection.ConnectPlan.connectTcp(ConnectPlan.kt:134) ~[okhttp-jvm-5.2.1.jar:na]
	at okhttp3.internal.connection.FastFallbackExchangeFinder$launchTcpConnect$1.runOnce(FastFallbackExchangeFinder.kt:141) ~[okhttp-jvm-5.2.1.jar:na]
	at okhttp3.internal.concurrent.TaskRunner$runnable$1.run(TaskRunner.kt:81) ~[okhttp-jvm-5.2.1.jar:na]
	at java.base/java.util.concurrent.ThreadPoolExecutor.runWorker(ThreadPoolExecutor.java:1144) ~[na:na]
	at java.base/java.util.concurrent.ThreadPoolExecutor$Worker.run(ThreadPoolExecutor.java:642) ~[na:na]
	at java.base/java.lang.Thread.run(Thread.java:1583) ~[na:na]
	Suppressed: java.net.ConnectException: Failed to connect to localhost/127.0.0.1:4318
		... 7 common frames omitted
	Caused by: java.net.ConnectException: Connection refused
		at java.base/sun.nio.ch.Net.pollConnect(Native Method)
		at java.base/sun.nio.ch.Net.pollConnectNow(Net.java:682)
		at java.base/sun.nio.ch.NioSocketImpl.timedFinishConnect(NioSocketImpl.java:549)
		at java.base/sun.nio.ch.NioSocketImpl.connect(NioSocketImpl.java:592)
		at java.base/java.net.SocksSocketImpl.connect(SocksSocketImpl.java:327)
		at java.base/java.net.Socket.connect(Socket.java:751)
		at okhttp3.internal.platform.Platform.connectSocket(Platform.kt:148)
		at okhttp3.internal.connection.ConnectPlan.connectSocket(ConnectPlan.kt:273)
		... 6 common frames omitted
Caused by: java.net.ConnectException: Connection refused
	at java.base/sun.nio.ch.Net.pollConnect(Native Method) ~[na:na]
	at java.base/sun.nio.ch.Net.pollConnectNow(Net.java:682) ~[na:na]
	at java.base/sun.nio.ch.NioSocketImpl.timedFinishConnect(NioSocketImpl.java:542) ~[na:na]
	at java.base/sun.nio.ch.NioSocketImpl.connect(NioSocketImpl.java:592) ~[na:na]
	at java.base/java.net.SocksSocketImpl.connect(SocksSocketImpl.java:327) ~[na:na]
	at java.base/java.net.Socket.connect(Socket.java:751) ~[na:na]
	at okhttp3.internal.platform.Platform.connectSocket(Platform.kt:148) ~[okhttp-jvm-5.2.1.jar:na]
	at okhttp3.internal.connection.ConnectPlan.connectSocket(ConnectPlan.kt:273) ~[okhttp-jvm-5.2.1.jar:na]
	... 6 common frames omitted

2026-03-12T00:02:11.787+11:00 ERROR 56430 --- [notification-service] [alhost:4318/...] i.o.exporter.internal.http.HttpExporter  : Failed to export metrics. The request could not be executed. Full error message: Failed to connect to localhost/[0:0:0:0:0:0:0:1]:4318

java.net.ConnectException: Failed to connect to localhost/[0:0:0:0:0:0:0:1]:4318
	at okhttp3.internal.connection.ConnectPlan.connectSocket(ConnectPlan.kt:275) ~[okhttp-jvm-5.2.1.jar:na]
	at okhttp3.internal.connection.ConnectPlan.connectTcp(ConnectPlan.kt:134) ~[okhttp-jvm-5.2.1.jar:na]
	at okhttp3.internal.connection.FastFallbackExchangeFinder$launchTcpConnect$1.runOnce(FastFallbackExchangeFinder.kt:141) ~[okhttp-jvm-5.2.1.jar:na]
	at okhttp3.internal.concurrent.TaskRunner$runnable$1.run(TaskRunner.kt:81) ~[okhttp-jvm-5.2.1.jar:na]
	at java.base/java.util.concurrent.ThreadPoolExecutor.runWorker(ThreadPoolExecutor.java:1144) ~[na:na]
	at java.base/java.util.concurrent.ThreadPoolExecutor$Worker.run(ThreadPoolExecutor.java:642) ~[na:na]
	at java.base/java.lang.Thread.run(Thread.java:1583) ~[na:na]
	Suppressed: java.net.ConnectException: Failed to connect to localhost/127.0.0.1:4318
		... 7 common frames omitted
	Caused by: java.net.ConnectException: Connection refused
		at java.base/sun.nio.ch.Net.pollConnect(Native Method)
		at java.base/sun.nio.ch.Net.pollConnectNow(Net.java:682)
		at java.base/sun.nio.ch.NioSocketImpl.timedFinishConnect(NioSocketImpl.java:549)
		at java.base/sun.nio.ch.NioSocketImpl.connect(NioSocketImpl.java:592)
		at java.base/java.net.SocksSocketImpl.connect(SocksSocketImpl.java:327)
		at java.base/java.net.Socket.connect(Socket.java:751)
		at okhttp3.internal.platform.Platform.connectSocket(Platform.kt:148)
		at okhttp3.internal.connection.ConnectPlan.connectSocket(ConnectPlan.kt:273)
		... 6 common frames omitted
Caused by: java.net.ConnectException: Connection refused
	at java.base/sun.nio.ch.Net.pollConnect(Native Method) ~[na:na]
	at java.base/sun.nio.ch.Net.pollConnectNow(Net.java:682) ~[na:na]
	at java.base/sun.nio.ch.NioSocketImpl.timedFinishConnect(NioSocketImpl.java:549) ~[na:na]
	at java.base/sun.nio.ch.NioSocketImpl.connect(NioSocketImpl.java:592) ~[na:na]
	at java.base/java.net.SocksSocketImpl.connect(SocksSocketImpl.java:327) ~[na:na]
	at java.base/java.net.Socket.connect(Socket.java:751) ~[na:na]
	at okhttp3.internal.platform.Platform.connectSocket(Platform.kt:148) ~[okhttp-jvm-5.2.1.jar:na]
	at okhttp3.internal.connection.ConnectPlan.connectSocket(ConnectPlan.kt:273) ~[okhttp-jvm-5.2.1.jar:na]
	... 6 common frames omitted

2026-03-12T00:02:20.255+11:00 ERROR 56430 --- [notification-service] [alhost:4318/...] i.o.exporter.internal.http.HttpExporter  : Failed to export logs. The request could not be executed. Full error message: Failed to connect to localhost/[0:0:0:0:0:0:0:1]:4318

java.net.ConnectException: Failed to connect to localhost/[0:0:0:0:0:0:0:1]:4318
	at okhttp3.internal.connection.ConnectPlan.connectSocket(ConnectPlan.kt:275) ~[okhttp-jvm-5.2.1.jar:na]
	at okhttp3.internal.connection.ConnectPlan.connectTcp(ConnectPlan.kt:134) ~[okhttp-jvm-5.2.1.jar:na]
	at okhttp3.internal.connection.FastFallbackExchangeFinder$launchTcpConnect$1.runOnce(FastFallbackExchangeFinder.kt:141) ~[okhttp-jvm-5.2.1.jar:na]
	at okhttp3.internal.concurrent.TaskRunner$runnable$1.run(TaskRunner.kt:81) ~[okhttp-jvm-5.2.1.jar:na]
	at java.base/java.util.concurrent.ThreadPoolExecutor.runWorker(ThreadPoolExecutor.java:1144) ~[na:na]
	at java.base/java.util.concurrent.ThreadPoolExecutor$Worker.run(ThreadPoolExecutor.java:642) ~[na:na]
	at java.base/java.lang.Thread.run(Thread.java:1583) ~[na:na]
	Suppressed: java.net.ConnectException: Failed to connect to localhost/127.0.0.1:4318
		... 7 common frames omitted
	Caused by: java.net.ConnectException: Connection refused
		at java.base/sun.nio.ch.Net.pollConnect(Native Method)
		at java.base/sun.nio.ch.Net.pollConnectNow(Net.java:682)
		at java.base/sun.nio.ch.NioSocketImpl.timedFinishConnect(NioSocketImpl.java:549)
		at java.base/sun.nio.ch.NioSocketImpl.connect(NioSocketImpl.java:592)
		at java.base/java.net.SocksSocketImpl.connect(SocksSocketImpl.java:327)
		at java.base/java.net.Socket.connect(Socket.java:751)
		at okhttp3.internal.platform.Platform.connectSocket(Platform.kt:148)
		at okhttp3.internal.connection.ConnectPlan.connectSocket(ConnectPlan.kt:273)
		... 6 common frames omitted
Caused by: java.net.ConnectException: Connection refused
	at java.base/sun.nio.ch.Net.pollConnect(Native Method) ~[na:na]
	at java.base/sun.nio.ch.Net.pollConnectNow(Net.java:682) ~[na:na]
	at java.base/sun.nio.ch.NioSocketImpl.timedFinishConnect(NioSocketImpl.java:549) ~[na:na]
	at java.base/sun.nio.ch.NioSocketImpl.connect(NioSocketImpl.java:592) ~[na:na]
	at java.base/java.net.SocksSocketImpl.connect(SocksSocketImpl.java:327) ~[na:na]
	at java.base/java.net.Socket.connect(Socket.java:751) ~[na:na]
	at okhttp3.internal.platform.Platform.connectSocket(Platform.kt:148) ~[okhttp-jvm-5.2.1.jar:na]
	at okhttp3.internal.connection.ConnectPlan.connectSocket(ConnectPlan.kt:273) ~[okhttp-jvm-5.2.1.jar:na]
	... 6 common frames omitted

2026-03-12T00:03:12.229+11:00 ERROR 56430 --- [notification-service] [alhost:4318/...] i.o.exporter.internal.http.HttpExporter  : Failed to export metrics. The request could not be executed. Full error message: Failed to connect to localhost/[0:0:0:0:0:0:0:1]:4318

java.net.ConnectException: Failed to connect to localhost/[0:0:0:0:0:0:0:1]:4318
	at okhttp3.internal.connection.ConnectPlan.connectSocket(ConnectPlan.kt:275) ~[okhttp-jvm-5.2.1.jar:na]
	at okhttp3.internal.connection.ConnectPlan.connectTcp(ConnectPlan.kt:134) ~[okhttp-jvm-5.2.1.jar:na]
	at okhttp3.internal.connection.FastFallbackExchangeFinder$launchTcpConnect$1.runOnce(FastFallbackExchangeFinder.kt:141) ~[okhttp-jvm-5.2.1.jar:na]
	at okhttp3.internal.concurrent.TaskRunner$runnable$1.run(TaskRunner.kt:81) ~[okhttp-jvm-5.2.1.jar:na]
	at java.base/java.util.concurrent.ThreadPoolExecutor.runWorker(ThreadPoolExecutor.java:1144) ~[na:na]
	at java.base/java.util.concurrent.ThreadPoolExecutor$Worker.run(ThreadPoolExecutor.java:642) ~[na:na]
	at java.base/java.lang.Thread.run(Thread.java:1583) ~[na:na]
	Suppressed: java.net.ConnectException: Failed to connect to localhost/127.0.0.1:4318
		... 7 common frames omitted
	Caused by: java.net.ConnectException: Connection refused
		at java.base/sun.nio.ch.Net.pollConnect(Native Method)
		at java.base/sun.nio.ch.Net.pollConnectNow(Net.java:682)
		at java.base/sun.nio.ch.NioSocketImpl.timedFinishConnect(NioSocketImpl.java:549)
		at java.base/sun.nio.ch.NioSocketImpl.connect(NioSocketImpl.java:592)
		at java.base/java.net.SocksSocketImpl.connect(SocksSocketImpl.java:327)
		at java.base/java.net.Socket.connect(Socket.java:751)
		at okhttp3.internal.platform.Platform.connectSocket(Platform.kt:148)
		at okhttp3.internal.connection.ConnectPlan.connectSocket(ConnectPlan.kt:273)
		... 6 common frames omitted
Caused by: java.net.ConnectException: Connection refused
	at java.base/sun.nio.ch.Net.pollConnect(Native Method) ~[na:na]
	at java.base/sun.nio.ch.Net.pollConnectNow(Net.java:682) ~[na:na]
	at java.base/sun.nio.ch.NioSocketImpl.timedFinishConnect(NioSocketImpl.java:549) ~[na:na]
	at java.base/sun.nio.ch.NioSocketImpl.connect(NioSocketImpl.java:592) ~[na:na]
	at java.base/java.net.SocksSocketImpl.connect(SocksSocketImpl.java:327) ~[na:na]
	at java.base/java.net.Socket.connect(Socket.java:751) ~[na:na]
	at okhttp3.internal.platform.Platform.connectSocket(Platform.kt:148) ~[okhttp-jvm-5.2.1.jar:na]
	at okhttp3.internal.connection.ConnectPlan.connectSocket(ConnectPlan.kt:273) ~[okhttp-jvm-5.2.1.jar:na]
	... 6 common frames omitted

2026-03-12T00:03:21.954+11:00 ERROR 56430 --- [notification-service] [alhost:4318/...] i.o.exporter.internal.http.HttpExporter  : Failed to export logs. The request could not be executed. Full error message: Failed to connect to localhost/[0:0:0:0:0:0:0:1]:4318

java.net.ConnectException: Failed to connect to localhost/[0:0:0:0:0:0:0:1]:4318
	at okhttp3.internal.connection.ConnectPlan.connectSocket(ConnectPlan.kt:275) ~[okhttp-jvm-5.2.1.jar:na]
	at okhttp3.internal.connection.ConnectPlan.connectTcp(ConnectPlan.kt:134) ~[okhttp-jvm-5.2.1.jar:na]
	at okhttp3.internal.connection.FastFallbackExchangeFinder$launchTcpConnect$1.runOnce(FastFallbackExchangeFinder.kt:141) ~[okhttp-jvm-5.2.1.jar:na]
	at okhttp3.internal.concurrent.TaskRunner$runnable$1.run(TaskRunner.kt:81) ~[okhttp-jvm-5.2.1.jar:na]
	at java.base/java.util.concurrent.ThreadPoolExecutor.runWorker(ThreadPoolExecutor.java:1144) ~[na:na]
	at java.base/java.util.concurrent.ThreadPoolExecutor$Worker.run(ThreadPoolExecutor.java:642) ~[na:na]
	at java.base/java.lang.Thread.run(Thread.java:1583) ~[na:na]
	Suppressed: java.net.ConnectException: Failed to connect to localhost/127.0.0.1:4318
		... 7 common frames omitted
	Caused by: java.net.ConnectException: Connection refused
		at java.base/sun.nio.ch.Net.pollConnect(Native Method)
		at java.base/sun.nio.ch.Net.pollConnectNow(Net.java:682)
		at java.base/sun.nio.ch.NioSocketImpl.timedFinishConnect(NioSocketImpl.java:549)
		at java.base/sun.nio.ch.NioSocketImpl.connect(NioSocketImpl.java:592)
		at java.base/java.net.SocksSocketImpl.connect(SocksSocketImpl.java:327)
		at java.base/java.net.Socket.connect(Socket.java:751)
		at okhttp3.internal.platform.Platform.connectSocket(Platform.kt:148)
		at okhttp3.internal.connection.ConnectPlan.connectSocket(ConnectPlan.kt:273)
		... 6 common frames omitted
Caused by: java.net.ConnectException: Connection refused
	at java.base/sun.nio.ch.Net.pollConnect(Native Method) ~[na:na]
	at java.base/sun.nio.ch.Net.pollConnectNow(Net.java:682) ~[na:na]
	at java.base/sun.nio.ch.NioSocketImpl.timedFinishConnect(NioSocketImpl.java:542) ~[na:na]
	at java.base/sun.nio.ch.NioSocketImpl.connect(NioSocketImpl.java:592) ~[na:na]
	at java.base/java.net.SocksSocketImpl.connect(SocksSocketImpl.java:327) ~[na:na]
	at java.base/java.net.Socket.connect(Socket.java:751) ~[na:na]
	at okhttp3.internal.platform.Platform.connectSocket(Platform.kt:148) ~[okhttp-jvm-5.2.1.jar:na]
	at okhttp3.internal.connection.ConnectPlan.connectSocket(ConnectPlan.kt:273) ~[okhttp-jvm-5.2.1.jar:na]
	... 6 common frames omitted

2026-03-12T00:04:12.282+11:00 ERROR 56430 --- [notification-service] [alhost:4318/...] i.o.exporter.internal.http.HttpExporter  : Failed to export metrics. The request could not be executed. Full error message: Failed to connect to localhost/[0:0:0:0:0:0:0:1]:4318

java.net.ConnectException: Failed to connect to localhost/[0:0:0:0:0:0:0:1]:4318
	at okhttp3.internal.connection.ConnectPlan.connectSocket(ConnectPlan.kt:275) ~[okhttp-jvm-5.2.1.jar:na]
	at okhttp3.internal.connection.ConnectPlan.connectTcp(ConnectPlan.kt:134) ~[okhttp-jvm-5.2.1.jar:na]
	at okhttp3.internal.connection.FastFallbackExchangeFinder$launchTcpConnect$1.runOnce(FastFallbackExchangeFinder.kt:141) ~[okhttp-jvm-5.2.1.jar:na]
	at okhttp3.internal.concurrent.TaskRunner$runnable$1.run(TaskRunner.kt:81) ~[okhttp-jvm-5.2.1.jar:na]
	at java.base/java.util.concurrent.ThreadPoolExecutor.runWorker(ThreadPoolExecutor.java:1144) ~[na:na]
	at java.base/java.util.concurrent.ThreadPoolExecutor$Worker.run(ThreadPoolExecutor.java:642) ~[na:na]
	at java.base/java.lang.Thread.run(Thread.java:1583) ~[na:na]
	Suppressed: java.net.ConnectException: Failed to connect to localhost/127.0.0.1:4318
		... 7 common frames omitted
	Caused by: java.net.ConnectException: Connection refused
		at java.base/sun.nio.ch.Net.pollConnect(Native Method)
		at java.base/sun.nio.ch.Net.pollConnectNow(Net.java:682)
		at java.base/sun.nio.ch.NioSocketImpl.timedFinishConnect(NioSocketImpl.java:549)
		at java.base/sun.nio.ch.NioSocketImpl.connect(NioSocketImpl.java:592)
		at java.base/java.net.SocksSocketImpl.connect(SocksSocketImpl.java:327)
		at java.base/java.net.Socket.connect(Socket.java:751)
		at okhttp3.internal.platform.Platform.connectSocket(Platform.kt:148)
		at okhttp3.internal.connection.ConnectPlan.connectSocket(ConnectPlan.kt:273)
		... 6 common frames omitted
Caused by: java.net.ConnectException: Connection refused
	at java.base/sun.nio.ch.Net.pollConnect(Native Method) ~[na:na]
	at java.base/sun.nio.ch.Net.pollConnectNow(Net.java:682) ~[na:na]
	at java.base/sun.nio.ch.NioSocketImpl.timedFinishConnect(NioSocketImpl.java:542) ~[na:na]
	at java.base/sun.nio.ch.NioSocketImpl.connect(NioSocketImpl.java:592) ~[na:na]
	at java.base/java.net.SocksSocketImpl.connect(SocksSocketImpl.java:327) ~[na:na]
	at java.base/java.net.Socket.connect(Socket.java:751) ~[na:na]
	at okhttp3.internal.platform.Platform.connectSocket(Platform.kt:148) ~[okhttp-jvm-5.2.1.jar:na]
	at okhttp3.internal.connection.ConnectPlan.connectSocket(ConnectPlan.kt:273) ~[okhttp-jvm-5.2.1.jar:na]
	... 6 common frames omitted

